2446C8A8C839,AP-TRJ-W-20,2020-10-31T18:29:12.822Z,1.5849
2446C8A8C839,AP-TRJ-W-20,2020-10-31T18:30:12.822Z,1.5849
2446C8A8C839,AP-TRI-O-04,2020-10-31T18:30:12.822Z,2.3263
2446C8A8C839,AP-TRI-O-16,2020-10-31T18:30:12.822Z,1.9953
2446C8A8C839,AP-E04-P4-A-19,2020-10-31T18:30:12.822Z,2.5119
2446C8A8C839,AP-TRI-O-16,2020-10-31T18:31:12.822Z,1.9953
2446C8A8C839,AP-TRI-O-04,2020-10-31T18:31:12.822Z,2.3263
2446C8A8C839,AP-E04-P4-A-19,2020-10-31T18:31:12.822Z,2.5119
2446C8A8C839,AP-E04-P4-A-19,2020-10-31T18:32:12.822Z,0.2929
2446C8A8C839,AP-E04-P4-E-05,2020-10-31T18:32:12.822Z,2.7123
2446C8A8C839,AP-E04-P4-E-05,2020-10-31T18:33:12.822Z,2.7123
2446C8A8C839,AP-E04-P4-A-19,2020-10-31T18:33:12.822Z,0.2929
2446C8A8C839,AP-E04-P4-E-05,2020-10-31T18:34:12.822Z,2.7123
2446C8A8C839,AP-E04-P4-A-19,2020-10-31T18:34:12.822Z,0.5843
2446C8A8C839,AP-E04-P4-A-19,2020-10-31T18:35:12.822Z,0.4299
2446C8A8C839,AP-E04-P4-E-05,2020-10-31T18:35:12.822Z,2.5119
2446C8A8C839,AP-E04-P4-A-19,2020-10-31T18:36:12.821Z,0.5843
2446C8A8C839,AP-E04-P4-E-05,2020-10-31T18:36:12.821Z,2.5119
2446C8A8C839,AP-E04-P4-A-19,2020-10-31T18:37:12.822Z,0.3415
2446C8A8C839,AP-E04-P4-A-19,2020-10-31T18:38:12.822Z,2.9286
2446C8A8C839,AP-E04-P4-A-19,2020-10-31T18:39:12.822Z,0.7356
2446C8A8C839,AP-E04-P4-A-19,2020-10-31T18:40:12.822Z,0.5012
2446C8A8C839,AP-E04-P4-E-05,2020-10-31T18:41:12.822Z,2.7123
2446C8A8C839,AP-E04-P4-A-19,2020-10-31T18:41:12.822Z,0.5012
2446C8A8C839,AP-E04-P4-A-19,2020-10-31T18:42:12.822Z,0.3981
2446C8A8C839,AP-E04-P4-E-05,2020-10-31T18:42:12.822Z,2.7123
2446C8A8C839,AP-E04-P4-A-19,2020-10-31T18:43:12.822Z,2.5119
2446C8A8C839,AP-E04-P4-E-05,2020-10-31T18:43:12.822Z,2.7123
2446C8A8C839,AP-E04-P4-A-19,2020-10-31T18:44:12.822Z,0.4299
2446C8A8C839,AP-E04-P4-A-19,2020-10-31T18:45:12.822Z,0.4299
2446C8A8C839,AP-E04-P4-A-19,2020-10-31T18:46:12.822Z,0.4299
2446C8A8C839,AP-E04-P4-E-05,2020-10-31T18:46:12.822Z,2.7123
2446C8A8C839,AP-TRI-O-04,2020-10-31T18:46:12.822Z,2.9286
2446C8A8C839,AP-TRI-O-04,2020-10-31T18:47:12.822Z,2.9286
2446C8A8C839,AP-E04-P4-E-05,2020-10-31T18:47:12.822Z,2.7123
2446C8A8C839,AP-E04-P4-A-19,2020-10-31T18:47:12.822Z,0.4299
2446C8A8C839,AP-E04-P4-E-05,2020-10-31T18:53:22.962Z,2.7123
2446C8A8C839,AP-E04-P4-A-19,2020-10-31T18:53:22.962Z,0.5412
2446C8A8C839,AP-TRI-O-04,2020-10-31T18:53:22.962Z,2.9286
2446C8A8C839,AP-E04-P4-E-05,2020-10-31T18:54:22.962Z,1.8478
2446C8A8C839,AP-E04-P4-A-19,2020-10-31T18:54:22.962Z,2.3263
2446C8A8C839,AP-E04-P4-A-19,2020-10-31T18:55:22.962Z,2.3263
2446C8A8C839,AP-E04-P4-E-05,2020-10-31T18:55:22.962Z,1.8478
2446C8A8C839,AP-E04-P4-A-19,2020-10-31T18:56:22.962Z,1.5849
2446C8A8C839,AP-TRJ-W-20,2020-10-31T18:57:22.962Z,2.5119
2446C8A8C839,AP-E04-P4-A-19,2020-10-31T18:57:22.962Z,0.5412
2446C8A8C839,AP-E04-P4-E-05,2020-10-31T18:57:22.962Z,1.4678
2446C8A8C839,AP-E04-P4-E-05,2020-10-31T18:58:22.962Z,1.4678
2446C8A8C839,AP-E04-P4-A-19,2020-10-31T18:58:22.962Z,0.3687
2446C8A8C839,AP-TRJ-W-20,2020-10-31T18:58:22.962Z,2.5119
2446C8A8C839,AP-E04-P4-E-05,2020-10-31T18:59:22.962Z,2.3263
2446C8A8C839,AP-E04-P4-A-19,2020-10-31T18:59:22.962Z,0.1995
2446C8A8C839,AP-E04-P4-E-05,2020-10-31T19:00:22.962Z,2.5119
2446C8A8C839,AP-E04-P4-A-19,2020-10-31T19:00:22.962Z,0.6813
2446C8A8C839,AP-E04-P4-A-19,2020-10-31T19:01:22.962Z,0.4642
2446C8A8C839,AP-E04-P4-E-05,2020-10-31T19:01:22.962Z,2.5119
2446C8A8C839,AP-E04-P4-E-05,2020-10-31T19:02:22.962Z,2.3263
2446C8A8C839,AP-E04-P4-A-19,2020-10-31T19:02:22.962Z,2.1544
2446C8A8C839,AP-E04-P4-A-19,2020-10-31T19:03:22.962Z,0.3415
2446C8A8C839,AP-E04-P4-E-05,2020-10-31T19:03:22.962Z,2.3263
2446C8A8C839,AP-E04-P4-E-05,2020-10-31T19:04:22.962Z,2.7123
2446C8A8C839,AP-E04-P4-A-19,2020-10-31T19:04:22.962Z,1.7113
2446C8A8C839,AP-E04-P4-A-19,2020-10-31T19:05:22.962Z,0.3415
2446C8A8C839,AP-E04-P4-E-05,2020-10-31T19:05:22.962Z,2.7123
2446C8A8C839,AP-E04-P4-E-05,2020-10-31T19:06:22.962Z,2.7123
2446C8A8C839,AP-E04-P4-A-19,2020-10-31T19:06:22.962Z,1.8478
2446C8A8C839,AP-E04-P4-E-05,2020-10-31T19:07:22.962Z,2.7123
2446C8A8C839,AP-E04-P4-A-19,2020-10-31T19:07:22.962Z,0.3687
2446C8A8C839,AP-E04-P4-A-19,2020-10-31T19:08:22.961Z,0.3981
2446C8A8C839,AP-E04-P4-E-05,2020-10-31T19:08:22.961Z,2.5119
2446C8A8C839,AP-E04-P4-E-05,2020-10-31T19:09:22.962Z,2.5119
2446C8A8C839,AP-E04-P4-A-19,2020-10-31T19:09:22.962Z,1.8478
2446C8A8C839,AP-E04-P4-A-19,2020-10-31T19:10:22.962Z,0.4299
2446C8A8C839,AP-E04-P4-A-19,2020-10-31T19:11:22.962Z,0.3687
2446C8A8C839,AP-E04-P4-A-19,2020-10-31T19:12:22.962Z,0.3981
2446C8A8C839,AP-E04-P4-A-19,2020-10-31T19:13:22.962Z,0.4299
2446C8A8C839,AP-E04-P4-A-19,2020-10-31T19:14:22.962Z,0.4642
2446C8A8C839,AP-E04-P4-A-19,2020-10-31T19:15:22.961Z,0.4299
2446C8A8C839,AP-E04-P4-E-05,2020-10-31T19:15:22.961Z,2.7123
2446C8A8C839,AP-E04-P4-E-05,2020-10-31T19:16:22.962Z,2.5119
2446C8A8C839,AP-E04-P4-A-19,2020-10-31T19:16:22.962Z,1.4678
2446C8A8C839,AP-E04-P4-A-19,2020-10-31T19:17:22.962Z,0.4299
2446C8A8C839,AP-E04-P4-E-05,2020-10-31T19:17:22.962Z,1.9953
2446C8A8C839,AP-TRJ-W-20,2020-10-31T19:17:22.962Z,2.5119
2446C8A8C839,AP-TRJ-W-20,2020-10-31T19:18:22.962Z,2.5119
2446C8A8C839,AP-E04-P4-E-05,2020-10-31T19:18:22.962Z,1.9953
2446C8A8C839,AP-E04-P4-A-19,2020-10-31T19:18:22.962Z,0.2326
2446C8A8C839,AP-E04-P4-A-19,2020-10-31T19:19:22.962Z,0.1995
2446C8A8C839,AP-E04-P4-A-19,2020-10-31T19:20:22.962Z,0.2326
2446C8A8C839,AP-TRJ-W-20,2020-10-31T19:21:22.962Z,2.7123
2446C8A8C839,AP-E04-P4-A-19,2020-10-31T19:21:22.962Z,0.2326
2446C8A8C839,AP-E04-P4-E-05,2020-10-31T19:21:22.962Z,1.9953
2446C8A8C839,AP-E04-P4-E-05,2020-10-31T19:22:22.962Z,1.9953
2446C8A8C839,AP-TRJ-W-20,2020-10-31T19:22:22.962Z,2.7123
2446C8A8C839,AP-E04-P4-A-19,2020-10-31T19:22:22.962Z,0.1711
2446C8A8C839,AP-TRJ-W-20,2020-10-31T19:23:22.961Z,2.3263
2446C8A8C839,AP-E04-P4-E-05,2020-10-31T19:23:22.961Z,1.8478
2446C8A8C839,AP-E04-P4-A-19,2020-10-31T19:23:22.961Z,0.2326
2446C8A8C839,AP-E04-P4-A-19,2020-10-31T19:24:22.962Z,0.2326
2446C8A8C839,AP-TRJ-W-20,2020-10-31T19:24:22.962Z,2.3263
2446C8A8C839,AP-E04-P4-E-05,2020-10-31T19:24:22.962Z,1.9953
2446C8A8C839,AP-E04-P4-A-19,2020-10-31T19:25:22.962Z,0.2326
2446C8A8C839,AP-E04-P4-E-05,2020-10-31T19:25:22.962Z,2.1544
2446C8A8C839,AP-TRJ-W-20,2020-10-31T19:25:22.962Z,2.9286
2446C8A8C839,AP-TRJ-W-20,2020-10-31T19:26:22.962Z,2.9286
2446C8A8C839,AP-E04-P4-E-05,2020-10-31T19:26:22.962Z,1.8478
2446C8A8C839,AP-E04-P4-A-19,2020-10-31T19:26:22.962Z,0.2326
2446C8A8C839,AP-E04-P4-A-19,2020-10-31T19:27:22.962Z,0.2154
2446C8A8C839,AP-E04-P4-E-05,2020-10-31T19:27:22.962Z,1.8478
2446C8A8C839,AP-TRJ-W-20,2020-10-31T19:27:22.962Z,2.9286
2446C8A8C839,AP-TRJ-W-20,2020-10-31T19:28:22.962Z,2.9286
2446C8A8C839,AP-E04-P4-A-19,2020-10-31T19:28:22.962Z,0.2326
2446C8A8C839,AP-E04-P4-E-05,2020-10-31T19:28:22.962Z,1.8478
2446C8A8C839,AP-E04-P4-E-05,2020-10-31T19:29:22.962Z,1.8478
2446C8A8C839,AP-E04-P4-A-19,2020-10-31T19:29:22.962Z,0.2326
2446C8A8C839,AP-E04-P4-A-19,2020-10-31T19:30:22.962Z,0.3981
2446C8A8C839,AP-E04-P4-E-05,2020-10-31T19:30:22.962Z,1.8478
2446C8A8C839,AP-E04-P4-A-19,2020-10-31T19:31:22.962Z,0.2326
2446C8A8C839,AP-E04-P4-A-19,2020-10-31T19:32:22.962Z,0.3981
2446C8A8C839,AP-E04-P4-A-19,2020-10-31T19:33:22.962Z,0.1995
2446C8A8C839,AP-E04-P4-E-05,2020-10-31T19:34:22.962Z,1.8478
2446C8A8C839,AP-E04-P4-A-19,2020-10-31T19:34:22.962Z,0.1166
2446C8A8C839,AP-E04-P4-A-19,2020-10-31T19:35:22.962Z,0.3687
2446C8A8C839,AP-E04-P4-E-05,2020-10-31T19:35:22.962Z,1.8478
2446C8A8C839,AP-E04-P4-A-19,2020-10-31T19:36:22.962Z,0.1166
2446C8A8C839,AP-E04-P4-A-19,2020-10-31T19:37:22.962Z,0.108
2446C8A8C839,AP-E04-P4-A-19,2020-10-31T19:38:22.962Z,0.1166
2446C8A8C839,AP-E04-P4-A-19,2020-10-31T19:39:22.962Z,0.1166
2446C8A8C839,AP-E04-P4-E-05,2020-10-31T19:39:22.962Z,1.8478
2446C8A8C839,AP-E04-P4-E-05,2020-10-31T19:40:22.962Z,1.8478
2446C8A8C839,AP-E04-P4-A-19,2020-10-31T19:40:22.962Z,0.5012
2446C8A8C839,AP-E04-P4-A-19,2020-10-31T19:41:22.952Z,0.1166
2446C8A8C839,AP-E04-P4-A-19,2020-10-31T19:42:22.962Z,0.108
2446C8A8C839,AP-E04-P4-A-19,2020-10-31T19:43:22.961Z,0.1166
2446C8A8C839,AP-E04-P4-A-19,2020-10-31T19:44:22.962Z,0.1166
2446C8A8C839,AP-E04-P4-A-19,2020-10-31T19:45:22.962Z,0.108
2446C8A8C839,AP-E04-P4-A-19,2020-10-31T19:46:22.961Z,0.1166
2446C8A8C839,AP-E04-P4-A-19,2020-10-31T19:47:22.962Z,0.108
2446C8A8C839,AP-E04-P4-A-19,2020-10-31T19:48:22.962Z,0.108
2446C8A8C839,AP-E04-P4-A-19,2020-10-31T19:49:22.962Z,0.108
2446C8A8C839,AP-E04-P4-A-19,2020-10-31T19:50:22.962Z,0.1
2446C8A8C839,AP-E04-P4-A-19,2020-10-31T19:51:22.962Z,0.3415
2446C8A8C839,AP-E04-P4-E-05,2020-10-31T19:51:22.962Z,2.1544
2446C8A8C839,AP-E04-P4-A-19,2020-10-31T19:52:22.961Z,0.4299
2446C8A8C839,AP-E04-P4-E-05,2020-10-31T19:52:22.961Z,2.1544
2446C8A8C839,AP-E04-P4-A-19,2020-10-31T19:53:22.962Z,0.1711
2446C8A8C839,AP-E04-P4-A-19,2020-10-31T19:54:22.962Z,0.3981
2446C8A8C839,AP-E04-P4-A-19,2020-10-31T19:55:22.962Z,2.9286
2446C8A8C839,AP-E04-P4-A-19,2020-10-31T19:56:22.962Z,0.3981
2446C8A8C839,AP-E04-P4-A-19,2020-10-31T19:57:22.962Z,1.1659
2446C8A8C839,AP-E04-P4-A-19,2020-10-31T19:58:22.962Z,0.6813
2446C8A8C839,AP-E04-P4-A-19,2020-10-31T19:59:22.962Z,0.6813
2446C8A8C839,AP-E04-P4-A-19,2020-10-31T20:06:26.462Z,0.3981
2446C8A8C839,AP-E04-P4-A-19,2020-10-31T20:07:26.462Z,0.2712
2446C8A8C839,AP-E04-P4-E-05,2020-10-31T20:07:26.462Z,1.7113
2446C8A8C839,AP-E04-P4-A-19,2020-10-31T20:08:26.462Z,0.3162
2446C8A8C839,AP-E04-P4-E-05,2020-10-31T20:08:26.462Z,1.7113
2446C8A8C839,AP-E04-P4-A-19,2020-10-31T20:09:26.462Z,0.5012
2446C8A8C839,AP-E04-P4-A-19,2020-10-31T20:10:26.461Z,1.9953
2446C8A8C839,AP-E04-P4-A-19,2020-10-31T20:11:26.462Z,1.9953
2446C8A8C839,AP-E04-P4-A-19,2020-10-31T20:12:26.462Z,1.7113
2446C8A8C839,AP-E04-P4-A-19,2020-10-31T20:13:26.462Z,1.7113
2446C8A8C839,AP-E04-P4-A-19,2020-10-31T20:14:26.462Z,0.7356
2446C8A8C839,AP-E04-P4-A-19,2020-10-31T20:15:26.461Z,2.9286
2446C8A8C839,AP-E04-P4-A-19,2020-10-31T20:16:26.461Z,0.7356
2446C8A8C839,AP-E04-P4-A-19,2020-10-31T20:17:26.462Z,0.7356
2446C8A8C839,AP-E04-P4-A-19,2020-10-31T20:18:26.461Z,3.1623
2446C8A8C839,AP-E04-P4-A-19,2020-10-31T20:21:26.112Z,0.7356
2446C8A8C839,AP-E04-P4-A-19,2020-10-31T20:22:26.112Z,2.9286
2446C8A8C839,AP-E04-P4-A-19,2020-10-31T20:23:26.112Z,0.6813
2446C8A8C839,AP-E04-P4-A-19,2020-10-31T20:24:26.112Z,2.7123
2446C8A8C839,AP-E04-P4-A-19,2020-10-31T20:27:26.042Z,0.5012
2446C8A8C839,AP-TRI-O-04,2020-10-31T20:31:23.032Z,2.9286
2446C8A8C839,AP-TRI-O-04,2020-10-31T20:48:23.072Z,3.1623
2446C8A8C839,AP-TRI-O-04,2020-10-31T21:25:22.992Z,2.9286
2446C8A8C839,AP-TRI-O-04,2020-10-31T21:26:22.992Z,2.5119
2446C8A8C839,AP-TRI-O-04,2020-10-31T21:27:22.992Z,2.7123
2446C8A8C839,AP-TRI-O-04,2020-10-31T21:28:22.992Z,2.7123
2446C8A8C839,AP-TRI-O-04,2020-10-31T21:33:22.932Z,2.7123
2446C8A8C839,AP-TRI-O-04,2020-10-31T21:37:22.992Z,2.7123
2446C8A8C839,AP-TRI-O-04,2020-10-31T21:40:23.112Z,3.1623
2446C8A8C839,AP-TRI-O-04,2020-10-31T21:41:23.112Z,3.1623
2446C8A8C839,AP-TRI-O-04,2020-10-31T18:32:22.791Z,2.7123
2446C8A8C839,AP-E04-P4-E-05,2020-10-31T18:32:22.791Z,2.9286
2446C8A8C839,AP-E04-P4-A-19,2020-10-31T18:32:22.791Z,0.3415
2446C8A8C839,AP-E04-P4-E-05,2020-10-31T18:33:22.792Z,2.9286
2446C8A8C839,AP-E04-P4-A-19,2020-10-31T18:33:22.792Z,0.3415
2446C8A8C839,AP-E04-P4-A-19,2020-10-31T18:35:25.972Z,0.3415
2446C8A8C839,AP-E04-P4-E-05,2020-10-31T18:35:25.972Z,2.5119
2446C8A8C839,AP-E04-P4-A-19,2020-10-31T18:36:25.982Z,0.4642
2446C8A8C839,AP-E04-P4-E-05,2020-10-31T18:36:25.982Z,2.5119
2446C8A8C839,AP-E04-P4-A-19,2020-10-31T18:37:25.982Z,0.4642
2446C8A8C839,AP-E04-P4-A-19,2020-10-31T18:38:25.982Z,0.4642
2446C8A8C839,AP-TRI-O-04,2020-10-31T18:39:25.982Z,2.9286
2446C8A8C839,AP-E04-P4-A-19,2020-10-31T18:39:25.982Z,0.4299
2446C8A8C839,AP-E04-P4-E-05,2020-10-31T18:39:25.982Z,2.5119
2446C8A8C839,AP-E04-P4-A-19,2020-10-31T18:40:25.982Z,0.4299
2446C8A8C839,AP-E04-P4-E-05,2020-10-31T18:40:25.982Z,2.5119
2446C8A8C839,AP-TRI-O-04,2020-10-31T18:40:25.982Z,2.9286
2446C8A8C839,AP-E04-P4-E-05,2020-10-31T18:41:25.981Z,2.5119
2446C8A8C839,AP-E04-P4-E-05,2020-10-31T18:44:26.072Z,2.3263
2446C8A8C839,AP-E04-P4-A-19,2020-10-31T18:44:26.072Z,0.2712
2446C8A8C839,AP-TRI-O-04,2020-10-31T18:44:26.072Z,2.9286
2446C8A8C839,AP-TRI-O-04,2020-10-31T18:45:26.072Z,2.7123
2446C8A8C839,AP-E04-P4-E-05,2020-10-31T18:45:26.072Z,2.3263
2446C8A8C839,AP-E04-P4-A-19,2020-10-31T18:45:26.072Z,0.3415
2446C8A8C839,AP-TRI-O-04,2020-10-31T18:46:26.072Z,2.9286
2446C8A8C839,AP-E04-P4-A-19,2020-10-31T18:46:26.072Z,0.3162
2446C8A8C839,AP-E04-P4-E-05,2020-10-31T18:46:26.072Z,2.5119
2446C8A8C839,AP-E04-P4-A-19,2020-10-31T18:47:26.072Z,0.3162
2446C8A8C839,AP-E04-P4-E-05,2020-10-31T18:47:26.072Z,2.5119
2446C8A8C839,AP-TRI-O-04,2020-10-31T18:47:26.072Z,2.9286
2446C8A8C839,AP-E04-P4-A-19,2020-10-31T18:48:26.072Z,0.2929
2446C8A8C839,AP-TRI-O-04,2020-10-31T18:48:26.072Z,3.1623
2446C8A8C839,AP-E04-P4-A-19,2020-10-31T18:49:26.072Z,0.2929
2446C8A8C839,AP-TRI-O-04,2020-10-31T18:49:26.072Z,3.1623
2446C8A8C839,AP-E04-P4-A-19,2020-10-31T18:52:25.992Z,0.2929
2446C8A8C839,AP-E04-P4-A-19,2020-10-31T18:53:25.992Z,0.2929
2446C8A8C839,AP-E04-P4-E-05,2020-10-31T18:53:25.992Z,2.1544
2446C8A8C839,AP-E04-P4-A-19,2020-10-31T18:54:25.992Z,1.4678
2446C8A8C839,AP-E04-P4-E-05,2020-10-31T18:54:25.992Z,2.1544
2446C8A8C839,AP-E04-P4-A-19,2020-10-31T18:55:25.991Z,1.2589
2446C8A8C839,AP-E04-P4-A-19,2020-10-31T18:56:25.992Z,0.2712
2446C8A8C839,AP-E04-P4-A-19,2020-10-31T18:57:25.992Z,0.2712
2446C8A8C839,AP-E04-P4-A-19,2020-10-31T18:58:25.992Z,0.1711
2446C8A8C839,AP-E04-P4-E-05,2020-10-31T18:58:25.992Z,2.9286
2446C8A8C839,AP-E04-P4-A-19,2020-10-31T18:59:25.992Z,0.1711
2446C8A8C839,AP-E04-P4-E-05,2020-10-31T18:59:25.992Z,2.3263
2446C8A8C839,AP-E04-P4-E-05,2020-10-31T19:00:25.992Z,2.3263
2446C8A8C839,AP-E04-P4-A-19,2020-10-31T19:00:25.992Z,0.1711
2446C8A8C839,AP-E04-P4-A-19,2020-10-31T19:01:25.991Z,0.3415
2446C8A8C839,AP-E04-P4-A-19,2020-10-31T19:02:25.992Z,0.2929
2446C8A8C839,AP-E04-P4-A-19,2020-10-31T19:03:25.992Z,0.2929
2446C8A8C839,AP-E04-P4-A-19,2020-10-31T19:04:25.992Z,0.2929
2446C8A8C839,AP-E04-P4-A-19,2020-10-31T19:05:25.992Z,0.2929
2446C8A8C839,AP-E04-P4-A-19,2020-10-31T19:14:26.012Z,1.9953
2446C8A8C839,AP-E04-P4-E-05,2020-10-31T19:21:44.582Z,2.5119
2446C8A8C839,AP-E04-P4-A-19,2020-10-31T19:21:44.582Z,0.3687
2446C8A8C839,AP-E04-P4-A-19,2020-10-31T19:22:44.582Z,0.2512
2446C8A8C839,AP-E04-P4-E-05,2020-10-31T19:23:44.582Z,2.9286
2446C8A8C839,AP-E04-P4-A-19,2020-10-31T19:23:44.582Z,0.2712
2446C8A8C839,AP-E04-P4-E-05,2020-10-31T19:24:44.582Z,2.9286
2446C8A8C839,AP-E04-P4-A-19,2020-10-31T19:24:44.582Z,0.2929
2446C8A8C839,AP-E04-P4-A-19,2020-10-31T19:25:44.582Z,0.2512
2446C8A8C839,AP-E04-P4-A-19,2020-10-31T19:26:44.582Z,0.2712
2446C8A8C839,AP-E04-P4-A-19,2020-10-31T19:27:44.582Z,0.3415
2446C8A8C839,AP-E04-P4-A-19,2020-10-31T19:28:44.582Z,0.3415
2446C8A8C839,AP-E04-P4-A-19,2020-10-31T19:29:44.582Z,0.2712
2446C8A8C839,AP-E04-P4-A-19,2020-10-31T19:30:44.582Z,0.2712
2446C8A8C839,AP-E04-P4-A-19,2020-10-31T19:31:44.582Z,0.2712
2446C8A8C839,AP-E04-P4-A-19,2020-10-31T19:32:44.582Z,0.3415
2446C8A8C839,AP-E04-P4-A-19,2020-10-31T19:33:44.582Z,0.2712
2446C8A8C839,AP-E04-P4-A-19,2020-10-31T19:34:44.582Z,0.2326
2446C8A8C839,AP-E04-P4-A-19,2020-10-31T19:35:44.582Z,0.2929
2446C8A8C839,AP-E04-P4-A-19,2020-10-31T19:36:44.582Z,0.2512
2446C8A8C839,AP-E04-P4-A-19,2020-10-31T19:37:44.582Z,0.2512
2446C8A8C839,AP-E04-P4-A-19,2020-10-31T19:38:44.582Z,0.2512
2446C8A8C839,AP-E04-P4-A-19,2020-10-31T19:39:44.582Z,0.2712
2446C8A8C839,AP-E04-P4-A-19,2020-10-31T19:40:44.582Z,0.2929
2446C8A8C839,AP-E04-P4-A-19,2020-10-31T19:41:44.582Z,0.2712
2446C8A8C839,AP-E04-P4-A-19,2020-10-31T19:42:44.582Z,0.2512
2446C8A8C839,AP-E04-P4-A-19,2020-10-31T19:43:44.582Z,0.2512
2446C8A8C839,AP-E04-P4-A-19,2020-10-31T19:44:44.582Z,0.2326
2446C8A8C839,AP-E04-P4-A-19,2020-10-31T19:45:44.582Z,0.2512
2446C8A8C839,AP-E04-P4-A-19,2020-10-31T19:46:44.582Z,0.2512
2446C8A8C839,AP-E04-P4-A-19,2020-10-31T19:47:44.582Z,0.2512
2446C8A8C839,AP-E04-P4-A-19,2020-10-31T19:48:44.582Z,0.3687
2446C8A8C839,AP-E04-P4-A-19,2020-10-31T19:49:44.582Z,0.3981
2446C8A8C839,AP-E04-P4-A-19,2020-10-31T19:50:44.582Z,0.3162
2446C8A8C839,AP-E04-P4-A-19,2020-10-31T19:51:44.582Z,0.1585
2446C8A8C839,AP-E04-P4-E-05,2020-10-31T19:51:44.582Z,1.9953
2446C8A8C839,AP-E04-P4-A-19,2020-10-31T19:52:44.582Z,0.4299
2446C8A8C839,AP-E04-P4-E-05,2020-10-31T19:52:44.582Z,1.9953
2446C8A8C839,AP-E04-P4-A-19,2020-10-31T19:53:44.582Z,0.1711
2446C8A8C839,AP-E04-P4-E-05,2020-10-31T19:53:44.582Z,1.9953
2446C8A8C839,AP-E04-P4-A-19,2020-10-31T19:54:44.582Z,1.5849
2446C8A8C839,AP-E04-P4-E-05,2020-10-31T19:54:44.582Z,1.9953
2446C8A8C839,AP-E04-P4-A-19,2020-10-31T19:55:44.582Z,0.3981
2446C8A8C839,AP-E04-P4-E-05,2020-10-31T19:55:44.582Z,1.9953
2446C8A8C839,AP-E04-P4-E-05,2020-10-31T19:56:44.582Z,2.1544
2446C8A8C839,AP-E04-P4-A-19,2020-10-31T19:56:44.582Z,1.0
2446C8A8C839,AP-E04-P4-A-19,2020-10-31T19:57:44.582Z,0.1468
2446C8A8C839,AP-E04-P4-E-05,2020-10-31T19:57:44.582Z,2.5119
2446C8A8C839,AP-E04-P4-A-19,2020-10-31T19:58:44.582Z,2.7123
2446C8A8C839,AP-E04-P4-E-05,2020-10-31T19:58:44.582Z,2.5119
2446C8A8C839,AP-E04-P4-A-19,2020-10-31T19:59:44.582Z,2.7123
2446C8A8C839,AP-E04-P4-A-19,2020-10-31T20:00:44.582Z,0.3162
2446C8A8C839,AP-E04-P4-E-05,2020-10-31T20:00:44.582Z,2.5119
2446C8A8C839,AP-E04-P4-A-19,2020-10-31T20:01:44.582Z,0.7356
2446C8A8C839,AP-E04-P4-E-05,2020-10-31T20:01:44.582Z,2.5119
2446C8A8C839,AP-E04-P4-A-19,2020-10-31T20:02:44.582Z,0.7356
2446C8A8C839,AP-E04-P4-A-19,2020-10-31T20:03:44.582Z,0.6813
2446C8A8C839,AP-E04-P4-A-19,2020-10-31T20:04:44.582Z,0.7356
2446C8A8C839,AP-E04-P4-A-19,2020-10-31T20:05:44.582Z,0.3162
2446C8A8C839,AP-E04-P4-A-19,2020-10-31T20:06:44.582Z,0.1848
2446C8A8C839,AP-E04-P4-E-05,2020-10-31T20:07:44.582Z,1.2589
2446C8A8C839,AP-E04-P4-A-19,2020-10-31T20:07:44.582Z,0.2512
2446C8A8C839,AP-E04-P4-E-05,2020-10-31T20:08:44.582Z,1.2589
2446C8A8C839,AP-E04-P4-A-19,2020-10-31T20:08:44.582Z,0.7356
2446C8A8C839,AP-E04-P4-E-05,2020-10-31T20:09:44.582Z,2.5119
2446C8A8C839,AP-E04-P4-A-19,2020-10-31T20:09:44.582Z,1.7113
2446C8A8C839,AP-E04-P4-E-05,2020-10-31T20:10:44.582Z,2.5119
2446C8A8C839,AP-E04-P4-A-19,2020-10-31T20:10:44.582Z,1.7113
2446C8A8C839,AP-E04-P4-A-19,2020-10-31T20:13:44.602Z,0.631
2446C8A8C839,AP-E04-P4-E-05,2020-10-31T20:13:44.602Z,1.8478
2446C8A8C839,AP-E04-P4-A-19,2020-10-31T20:14:44.602Z,0.7356
2446C8A8C839,AP-E04-P4-A-19,2020-10-31T20:15:44.602Z,0.4642
2446C8A8C839,AP-E04-P4-A-19,2020-10-31T20:16:44.602Z,1.4678
2446C8A8C839,AP-E04-P4-A-19,2020-10-31T20:17:44.602Z,0.4642
2446C8A8C839,AP-E04-P4-A-19,2020-10-31T20:18:44.602Z,0.4642
2446C8A8C839,AP-E04-P4-A-19,2020-10-31T20:24:25.992Z,0.631
2446C8A8C839,AP-E04-P4-A-19,2020-10-31T20:25:25.992Z,0.631
2446C8A8C839,AP-E04-P4-A-19,2020-10-31T20:26:25.992Z,0.5412
2446C8A8C839,AP-E04-P4-A-19,2020-10-31T20:27:25.991Z,0.4642
2446C8A8C839,AP-E04-P4-A-19,2020-10-31T20:28:25.991Z,0.4642
2446C8A8C839,AP-E04-P4-A-19,2020-10-31T20:29:25.991Z,1.4678
2446C8A8C839,AP-E04-P4-A-19,2020-10-31T20:30:25.992Z,1.4678
2446C8A8C839,AP-TRI-O-04,2020-10-31T21:22:23.052Z,2.9286
2446C8A8C839,AP-TRI-O-04,2020-10-31T21:24:23.062Z,2.3263
2446C8A8C839,AP-TRI-O-16,2020-10-31T21:24:23.062Z,2.5119
2446C8A8C839,AP-TRI-O-16,2020-10-31T21:25:23.052Z,2.5119
2446C8A8C839,AP-TRI-O-04,2020-10-31T21:25:23.052Z,2.1544
2446C8A8C839,AP-TRI-O-04,2020-10-31T21:26:23.062Z,1.9953
2446C8A8C839,AP-TRI-O-04,2020-10-31T21:27:23.062Z,1.9953
2446C8A8C839,AP-TRI-O-16,2020-10-31T21:27:23.062Z,2.9286
2446C8A8C839,AP-TRI-O-16,2020-10-31T21:28:23.061Z,2.9286
2446C8A8C839,AP-TRI-O-04,2020-10-31T21:35:22.992Z,2.3263
2446C8A8C839,AP-E04-P4-A-19,2020-10-31T21:35:22.992Z,2.5119
2446C8A8C839,AP-E04-P4-A-19,2020-10-31T21:36:22.992Z,2.5119
2446C8A8C839,AP-TRI-O-04,2020-10-31T21:36:22.992Z,2.3263
2446C8A8C839,AP-TRI-O-04,2020-10-31T21:39:22.982Z,2.7123
2446C8A8C839,AP-TRI-O-16,2020-10-31T21:39:22.982Z,2.7123
2446C8A8C839,AP-TRI-O-16,2020-10-31T21:40:22.982Z,2.7123
2446C8A8C839,AP-E04-P4-E-05,2020-10-31T18:36:19.585Z,2.3263
2446C8A8C839,AP-E04-P4-E-05,2020-10-31T18:37:19.585Z,2.3263
2446C8A8C839,AP-E04-P4-A-19,2020-10-31T18:45:55.985Z,1.2589
2446C8A8C839,AP-E04-P4-A-19,2020-10-31T18:46:55.985Z,1.2589
2446C8A8C839,AP-TRJ-W-20,2020-10-31T18:56:51.005Z,2.9286
2446C8A8C839,AP-E04-P4-E-05,2020-10-31T18:56:51.005Z,2.7123
2446C8A8C839,AP-E04-P4-A-19,2020-10-31T18:56:51.005Z,0.631
2446C8A8C839,AP-E04-P4-E-05,2020-10-31T18:57:51.005Z,2.7123
2446C8A8C839,AP-E04-P4-A-19,2020-10-31T18:57:51.005Z,0.3162
2446C8A8C839,AP-TRJ-W-20,2020-10-31T18:57:51.005Z,2.9286
2446C8A8C839,AP-E04-P4-A-19,2020-10-31T18:58:51.005Z,0.2712
2446C8A8C839,AP-TRJ-W-20,2020-10-31T18:58:51.005Z,2.9286
2446C8A8C839,AP-E04-P4-A-19,2020-10-31T18:59:51.005Z,0.3415
2446C8A8C839,AP-E04-P4-A-19,2020-10-31T19:00:51.005Z,0.3415
2446C8A8C839,AP-E04-P4-A-19,2020-10-31T19:01:51.005Z,0.3415
2446C8A8C839,AP-E04-P4-A-19,2020-10-31T19:05:25.915Z,0.7356
2446C8A8C839,AP-E04-P4-A-19,2020-10-31T19:13:26.045Z,1.3594
2446C8A8C839,AP-E04-P4-E-05,2020-10-31T19:15:44.475Z,2.7123
2446C8A8C839,AP-E04-P4-A-19,2020-10-31T19:18:44.535Z,0.2929
2446C8A8C839,AP-E04-P4-E-05,2020-10-31T19:18:44.535Z,1.2589
2446C8A8C839,AP-E04-P4-A-19,2020-10-31T19:19:44.535Z,0.2929
2446C8A8C839,AP-E04-P4-E-05,2020-10-31T19:19:44.535Z,2.7123
2446C8A8C839,AP-E04-P4-A-19,2020-10-31T19:20:44.535Z,0.1848
2446C8A8C839,AP-E04-P4-E-05,2020-10-31T19:20:44.535Z,2.7123
2446C8A8C839,AP-E04-P4-A-19,2020-10-31T19:21:44.536Z,0.5012
2446C8A8C839,AP-E04-P4-E-05,2020-10-31T19:21:44.536Z,1.8478
2446C8A8C839,AP-E04-P4-A-19,2020-10-31T19:22:44.535Z,0.5412
2446C8A8C839,AP-E04-P4-E-05,2020-10-31T19:22:44.535Z,2.7123
2446C8A8C839,AP-E04-P4-A-19,2020-10-31T19:23:44.535Z,0.5412
2446C8A8C839,AP-E04-P4-E-05,2020-10-31T19:23:44.535Z,2.7123
2446C8A8C839,AP-E04-P4-A-19,2020-10-31T19:24:44.535Z,0.2512
2446C8A8C839,AP-E04-P4-A-19,2020-10-31T19:25:44.535Z,0.4642
2446C8A8C839,AP-TRJ-W-20,2020-10-31T19:25:44.535Z,2.9286
2446C8A8C839,AP-E04-P4-E-05,2020-10-31T19:25:44.535Z,2.7123
2446C8A8C839,AP-E04-P4-A-19,2020-10-31T19:26:44.535Z,0.5412
2446C8A8C839,AP-TRJ-W-20,2020-10-31T19:26:44.535Z,2.9286
2446C8A8C839,AP-E04-P4-E-05,2020-10-31T19:26:44.535Z,2.7123
2446C8A8C839,AP-E04-P4-A-19,2020-10-31T19:27:44.535Z,0.4299
2446C8A8C839,AP-E04-P4-E-05,2020-10-31T19:28:44.536Z,1.8478
2446C8A8C839,AP-E04-P4-A-19,2020-10-31T19:28:44.536Z,0.5412
2446C8A8C839,AP-E04-P4-A-19,2020-10-31T19:29:44.535Z,0.5412
2446C8A8C839,AP-E04-P4-E-05,2020-10-31T19:29:44.535Z,1.8478
2446C8A8C839,AP-E04-P4-A-19,2020-10-31T19:32:26.005Z,0.5012
2446C8A8C839,AP-E04-P4-E-05,2020-10-31T19:32:26.005Z,1.7113
2446C8A8C839,AP-E04-P4-A-19,2020-10-31T19:33:26.005Z,0.4642
2446C8A8C839,AP-E04-P4-E-05,2020-10-31T19:33:26.005Z,2.9286
2446C8A8C839,AP-E04-P4-A-19,2020-10-31T19:34:26.005Z,0.2326
2446C8A8C839,AP-E04-P4-E-05,2020-10-31T19:34:26.005Z,2.7123
2446C8A8C839,AP-E04-P4-A-19,2020-10-31T19:35:26.005Z,0.2512
2446C8A8C839,AP-E04-P4-E-05,2020-10-31T19:35:26.005Z,2.7123
2446C8A8C839,AP-E04-P4-A-19,2020-10-31T19:36:26.005Z,0.2512
2446C8A8C839,AP-E04-P4-A-19,2020-10-31T19:37:26.005Z,0.2326
2446C8A8C839,AP-E04-P4-A-19,2020-10-31T19:38:26.005Z,0.2326
2446C8A8C839,AP-E04-P4-A-19,2020-10-31T19:39:26.005Z,0.2326
2446C8A8C839,AP-E04-P4-A-19,2020-10-31T19:40:26.005Z,0.3162
2446C8A8C839,AP-E04-P4-A-19,2020-10-31T19:41:26.005Z,0.3162
2446C8A8C839,AP-E04-P4-A-19,2020-10-31T19:42:26.005Z,0.3162
2446C8A8C839,AP-E04-P4-A-19,2020-10-31T19:43:26.005Z,0.3162
2446C8A8C839,AP-E04-P4-A-19,2020-10-31T19:44:26.005Z,0.2929
2446C8A8C839,AP-E04-P4-A-19,2020-10-31T19:45:26.005Z,0.3415
2446C8A8C839,AP-E04-P4-E-05,2020-10-31T19:45:26.005Z,2.7123
2446C8A8C839,AP-E04-P4-A-19,2020-10-31T19:46:26.005Z,0.3415
2446C8A8C839,AP-E04-P4-E-05,2020-10-31T19:46:26.005Z,2.7123
2446C8A8C839,AP-E04-P4-A-19,2020-10-31T19:47:26.005Z,0.2929
2446C8A8C839,AP-E04-P4-A-19,2020-10-31T19:48:26.005Z,0.2929
2446C8A8C839,AP-E04-P4-A-19,2020-10-31T19:49:26.005Z,0.3687
2446C8A8C839,AP-E04-P4-A-19,2020-10-31T19:50:26.005Z,0.3687
2446C8A8C839,AP-E04-P4-E-05,2020-10-31T19:51:26.005Z,2.3263
2446C8A8C839,AP-E04-P4-A-19,2020-10-31T19:51:26.005Z,0.3687
2446C8A8C839,AP-E04-P4-E-05,2020-10-31T19:52:26.005Z,2.3263
2446C8A8C839,AP-E04-P4-A-19,2020-10-31T19:52:26.005Z,0.3415
2446C8A8C839,AP-E04-P4-A-19,2020-10-31T19:53:26.005Z,0.1995
2446C8A8C839,AP-E04-P4-E-05,2020-10-31T19:54:26.005Z,1.5849
2446C8A8C839,AP-E04-P4-A-19,2020-10-31T19:54:26.005Z,2.1544
2446C8A8C839,AP-E04-P4-A-19,2020-10-31T19:55:26.005Z,2.1544
2446C8A8C839,AP-E04-P4-E-05,2020-10-31T19:55:26.005Z,2.7123
2446C8A8C839,AP-E04-P4-E-05,2020-10-31T19:56:26.005Z,1.0
2446C8A8C839,AP-E04-P4-A-19,2020-10-31T19:56:26.005Z,1.1659
2446C8A8C839,AP-E04-P4-A-19,2020-10-31T19:57:26.005Z,1.1659
2446C8A8C839,AP-E04-P4-E-05,2020-10-31T19:57:26.005Z,1.4678
2446C8A8C839,AP-E04-P4-E-05,2020-10-31T19:58:26.005Z,2.3263
2446C8A8C839,AP-E04-P4-A-19,2020-10-31T19:58:26.005Z,2.1544
2446C8A8C839,AP-TRI-O-16,2020-10-31T19:59:26.005Z,2.7123
2446C8A8C839,AP-E04-P4-E-05,2020-10-31T19:59:26.005Z,2.3263
2446C8A8C839,AP-E04-P4-A-19,2020-10-31T19:59:26.005Z,2.1544
2446C8A8C839,AP-TRI-O-16,2020-10-31T20:00:26.005Z,2.7123
2446C8A8C839,AP-TRJ-W-20,2020-10-31T20:00:26.005Z,2.5119
2446C8A8C839,AP-E04-P4-E-05,2020-10-31T20:01:26.005Z,2.1544
2446C8A8C839,AP-TRJ-W-20,2020-10-31T20:01:26.005Z,2.5119
2446C8A8C839,AP-TRI-O-16,2020-10-31T20:01:26.005Z,2.9286
2446C8A8C839,AP-E04-P4-A-19,2020-10-31T20:01:26.005Z,0.8577
2446C8A8C839,AP-TRI-O-16,2020-10-31T20:02:26.005Z,2.9286
2446C8A8C839,AP-TRJ-W-20,2020-10-31T20:02:26.005Z,2.5119
2446C8A8C839,AP-E04-P4-A-19,2020-10-31T20:02:26.005Z,0.9261
2446C8A8C839,AP-E04-P4-E-05,2020-10-31T20:02:26.005Z,2.1544
2446C8A8C839,AP-E04-P4-A-19,2020-10-31T20:03:26.005Z,0.9261
2446C8A8C839,AP-E04-P4-A-19,2020-10-31T20:04:26.005Z,0.9261
2446C8A8C839,AP-E04-P4-A-19,2020-10-31T20:05:26.005Z,0.7356
2446C8A8C839,AP-E04-P4-A-19,2020-10-31T20:06:26.005Z,0.3162
2446C8A8C839,AP-E04-P4-A-19,2020-10-31T20:07:26.005Z,0.3162
2446C8A8C839,AP-E04-P4-A-19,2020-10-31T20:08:26.005Z,0.2929
2446C8A8C839,AP-E04-P4-E-05,2020-10-31T20:09:26.005Z,2.7123
2446C8A8C839,AP-E04-P4-A-19,2020-10-31T20:09:26.005Z,1.9953
2446C8A8C839,AP-E04-P4-E-05,2020-10-31T20:10:26.006Z,2.7123
2446C8A8C839,AP-E04-P4-A-19,2020-10-31T20:10:26.006Z,1.9953
2446C8A8C839,AP-E04-P4-E-05,2020-10-31T20:13:39.525Z,2.3263
2446C8A8C839,AP-E04-P4-A-19,2020-10-31T20:13:39.525Z,1.7113
2446C8A8C839,AP-E04-P4-E-05,2020-10-31T20:14:39.525Z,2.3263
2446C8A8C839,AP-E04-P4-A-19,2020-10-31T20:14:39.525Z,1.5849
2446C8A8C839,AP-E04-P4-A-19,2020-10-31T20:15:39.525Z,2.1544
2446C8A8C839,AP-E04-P4-A-19,2020-10-31T20:16:39.525Z,0.6813
2446C8A8C839,AP-E04-P4-A-19,2020-10-31T20:17:39.525Z,1.1659
2446C8A8C839,AP-E04-P4-A-19,2020-10-31T20:18:39.525Z,1.1659
2446C8A8C839,AP-E04-P4-A-19,2020-10-31T20:19:39.525Z,0.6813
2446C8A8C839,AP-E04-P4-A-19,2020-10-31T20:20:39.525Z,0.9261
2446C8A8C839,AP-E04-P4-A-19,2020-10-31T20:21:39.525Z,0.8577
2446C8A8C839,AP-E04-P4-A-19,2020-10-31T20:22:39.525Z,0.9261
2446C8A8C839,AP-E04-P4-A-19,2020-10-31T20:23:39.525Z,1.5849
2446C8A8C839,AP-E04-P4-A-19,2020-10-31T20:24:39.525Z,0.8577
2446C8A8C839,AP-E04-P4-A-19,2020-10-31T20:25:39.525Z,0.9261
2446C8A8C839,AP-E04-P4-A-19,2020-10-31T20:26:39.525Z,2.5119
2446C8A8C839,AP-TRJ-W-20,2020-10-31T20:26:39.525Z,2.1544
2446C8A8C839,AP-TRJ-W-20,2020-10-31T20:27:39.525Z,2.1544
2446C8A8C839,AP-E04-P4-A-19,2020-10-31T20:27:39.525Z,0.5412
2446C8A8C839,AP-E04-P4-E-05,2020-10-31T20:28:39.525Z,2.5119
2446C8A8C839,AP-E04-P4-A-19,2020-10-31T20:28:39.525Z,2.7123
2446C8A8C839,AP-E04-P4-E-05,2020-10-31T20:29:39.525Z,2.5119
2446C8A8C839,AP-E04-P4-A-19,2020-10-31T20:29:39.525Z,2.7123
2446C8A8C839,AP-E04-P4-A-19,2020-10-31T21:24:26.035Z,2.3263
2446C8A8C839,AP-TRJ-W-20,2020-10-31T21:24:26.035Z,2.3263
2446C8A8C839,AP-TRJ-W-20,2020-10-31T21:25:26.035Z,2.3263
2446C8A8C839,AP-TRI-O-04,2020-10-31T21:25:26.035Z,2.9286
2446C8A8C839,AP-TRI-O-04,2020-10-31T21:26:26.035Z,2.9286
2446C8A8C839,AP-TRI-O-04,2020-10-31T21:32:23.025Z,2.9286
2446C8A8C839,AP-TRJ-W-20,2020-10-31T18:29:44.615Z,2.1544
2446C8A8C839,AP-E04-P4-A-19,2020-10-31T18:29:44.615Z,2.3263
2446C8A8C839,AP-TRI-O-04,2020-10-31T18:29:44.615Z,2.9286
2446C8A8C839,AP-TRI-O-16,2020-10-31T18:29:44.615Z,1.9953
2446C8A8C839,AP-TRI-O-16,2020-10-31T18:30:44.615Z,1.9953
2446C8A8C839,AP-TRI-O-04,2020-10-31T18:30:44.615Z,2.9286
2446C8A8C839,AP-TRJ-W-20,2020-10-31T18:30:44.615Z,2.1544
2446C8A8C839,AP-E04-P4-A-19,2020-10-31T18:30:44.615Z,1.9953
2446C8A8C839,AP-E04-P4-E-05,2020-10-31T18:31:44.615Z,2.3263
2446C8A8C839,AP-E04-P4-A-19,2020-10-31T18:31:44.615Z,1.2589
2446C8A8C839,AP-E04-P4-E-05,2020-10-31T18:32:44.615Z,2.3263
2446C8A8C839,AP-E04-P4-A-19,2020-10-31T18:32:44.615Z,1.2589
2446C8A8C839,AP-E04-P4-E-05,2020-10-31T18:33:44.615Z,3.1623
2446C8A8C839,AP-E04-P4-A-19,2020-10-31T18:33:44.615Z,0.5012
2446C8A8C839,AP-E04-P4-A-19,2020-10-31T18:34:44.615Z,0.4299
2446C8A8C839,AP-E04-P4-E-05,2020-10-31T18:34:44.615Z,2.3263
2446C8A8C839,AP-TRI-O-04,2020-10-31T18:34:44.615Z,2.3263
2446C8A8C839,AP-TRI-O-04,2020-10-31T18:35:44.615Z,2.3263
2446C8A8C839,AP-E04-P4-A-19,2020-10-31T18:35:44.615Z,0.4299
2446C8A8C839,AP-E04-P4-E-05,2020-10-31T18:35:44.615Z,2.3263
2446C8A8C839,AP-E04-P4-E-05,2020-10-31T18:36:44.615Z,2.1544
2446C8A8C839,AP-E04-P4-A-19,2020-10-31T18:36:44.615Z,0.3981
2446C8A8C839,AP-E04-P4-A-19,2020-10-31T18:37:44.615Z,0.3981
2446C8A8C839,AP-E04-P4-E-05,2020-10-31T18:37:44.615Z,2.9286
2446C8A8C839,AP-E04-P4-E-05,2020-10-31T18:38:44.615Z,2.3263
2446C8A8C839,AP-E04-P4-E-05,2020-10-31T18:39:44.615Z,2.3263
2446C8A8C839,AP-E04-P4-A-19,2020-10-31T18:39:44.615Z,0.3981
2446C8A8C839,AP-TRI-O-04,2020-10-31T18:39:44.615Z,2.9286
2446C8A8C839,AP-E04-P4-A-19,2020-10-31T18:40:44.615Z,0.3981
2446C8A8C839,AP-E04-P4-E-05,2020-10-31T18:40:44.615Z,2.3263
2446C8A8C839,AP-TRI-O-04,2020-10-31T18:40:44.615Z,2.9286
2446C8A8C839,AP-E04-P4-E-05,2020-10-31T18:41:44.615Z,2.1544
2446C8A8C839,AP-TRI-O-04,2020-10-31T18:42:44.615Z,2.5119
2446C8A8C839,AP-E04-P4-E-05,2020-10-31T18:42:44.615Z,2.1544
2446C8A8C839,AP-TRI-O-04,2020-10-31T18:43:44.615Z,2.5119
2446C8A8C839,AP-E04-P4-E-05,2020-10-31T18:43:44.615Z,2.3263
2446C8A8C839,AP-E04-P4-E-05,2020-10-31T18:44:44.615Z,2.1544
2446C8A8C839,AP-TRI-O-04,2020-10-31T18:44:44.615Z,2.5119
2446C8A8C839,AP-E04-P4-E-05,2020-10-31T18:45:44.615Z,1.9953
2446C8A8C839,AP-E04-P4-A-19,2020-10-31T18:46:44.615Z,0.3981
2446C8A8C839,AP-E04-P4-E-05,2020-10-31T18:46:44.615Z,1.8478
2446C8A8C839,AP-E04-P4-E-05,2020-10-31T18:47:44.615Z,2.7123
2446C8A8C839,AP-E04-P4-A-19,2020-10-31T18:47:44.615Z,0.3981
2446C8A8C839,AP-E04-P4-E-05,2020-10-31T18:48:44.615Z,2.3263
2446C8A8C839,AP-E04-P4-A-19,2020-10-31T18:49:44.615Z,1.0
2446C8A8C839,AP-E04-P4-E-05,2020-10-31T18:49:44.615Z,2.5119
2446C8A8C839,AP-E04-P4-E-05,2020-10-31T18:50:44.615Z,2.7123
2446C8A8C839,AP-E04-P4-A-19,2020-10-31T18:50:44.615Z,0.4299
2446C8A8C839,AP-E04-P4-A-19,2020-10-31T18:51:44.615Z,0.4299
2446C8A8C839,AP-E04-P4-E-05,2020-10-31T18:51:44.615Z,2.1544
2446C8A8C839,AP-E04-P4-E-05,2020-10-31T18:52:44.615Z,2.1544
2446C8A8C839,AP-E04-P4-A-19,2020-10-31T18:53:44.615Z,1.0798
2446C8A8C839,AP-E04-P4-E-05,2020-10-31T18:53:44.615Z,2.1544
2446C8A8C839,AP-E04-P4-E-05,2020-10-31T18:54:44.616Z,2.1544
2446C8A8C839,AP-E04-P4-A-19,2020-10-31T18:54:44.616Z,1.1659
2446C8A8C839,AP-E04-P4-A-19,2020-10-31T18:55:44.615Z,1.2589
2446C8A8C839,AP-E04-P4-A-19,2020-10-31T18:56:44.615Z,0.4642
2446C8A8C839,AP-TRJ-W-20,2020-10-31T18:57:44.615Z,2.7123
2446C8A8C839,AP-E04-P4-A-19,2020-10-31T18:57:44.615Z,0.7943
2446C8A8C839,AP-TRJ-W-20,2020-10-31T18:58:44.615Z,2.7123
2446C8A8C839,AP-E04-P4-A-19,2020-10-31T18:58:44.615Z,0.7943
2446C8A8C839,AP-E04-P4-A-19,2020-10-31T19:02:26.005Z,0.2929
2446C8A8C839,AP-E04-P4-E-05,2020-10-31T19:02:26.005Z,2.5119
2446C8A8C839,AP-E04-P4-A-19,2020-10-31T19:03:26.005Z,0.2929
2446C8A8C839,AP-E04-P4-E-05,2020-10-31T19:03:26.005Z,2.5119
2446C8A8C839,AP-E04-P4-E-05,2020-10-31T19:04:26.005Z,2.5119
2446C8A8C839,AP-E04-P4-A-19,2020-10-31T19:13:26.045Z,0.108
2446C8A8C839,AP-E04-P4-E-05,2020-10-31T19:13:26.045Z,2.1544
2446C8A8C839,AP-E04-P4-E-05,2020-10-31T19:14:26.045Z,2.1544
2446C8A8C839,AP-E04-P4-A-19,2020-10-31T19:17:26.155Z,0.2154
2446C8A8C839,AP-E04-P4-E-05,2020-10-31T19:17:26.155Z,2.7123
2446C8A8C839,AP-E04-P4-E-05,2020-10-31T19:18:26.155Z,2.7123
2446C8A8C839,AP-E04-P4-A-19,2020-10-31T19:19:26.155Z,0.1259
2446C8A8C839,AP-E04-P4-A-19,2020-10-31T19:20:26.155Z,0.1259
2446C8A8C839,AP-E04-P4-E-05,2020-10-31T19:20:26.155Z,1.3594
2446C8A8C839,AP-E04-P4-E-05,2020-10-31T19:21:26.155Z,1.3594
2446C8A8C839,AP-E04-P4-E-05,2020-10-31T19:22:26.155Z,1.3594
2446C8A8C839,AP-E04-P4-E-05,2020-10-31T19:23:26.155Z,1.3594
2446C8A8C839,AP-E04-P4-E-05,2020-10-31T19:34:44.635Z,2.5119
2446C8A8C839,AP-E04-P4-A-19,2020-10-31T19:34:44.635Z,0.3415
2446C8A8C839,AP-E04-P4-A-19,2020-10-31T19:35:44.635Z,0.3415
2446C8A8C839,AP-E04-P4-A-19,2020-10-31T19:38:44.645Z,0.3687
2446C8A8C839,AP-E04-P4-E-05,2020-10-31T19:38:44.645Z,2.3263
2446C8A8C839,AP-E04-P4-A-19,2020-10-31T19:39:44.645Z,0.3687
2446C8A8C839,AP-E04-P4-E-05,2020-10-31T19:39:44.645Z,2.3263
2446C8A8C839,AP-E04-P4-E-05,2020-10-31T19:42:44.545Z,2.5119
2446C8A8C839,AP-E04-P4-A-19,2020-10-31T19:42:44.545Z,0.1259
2446C8A8C839,AP-E04-P4-A-19,2020-10-31T19:43:44.545Z,0.1259
2446C8A8C839,AP-E04-P4-E-05,2020-10-31T19:43:44.545Z,1.4678
2446C8A8C839,AP-E04-P4-E-05,2020-10-31T19:44:44.545Z,1.4678
2446C8A8C839,AP-E04-P4-A-19,2020-10-31T19:44:44.545Z,0.108
2446C8A8C839,AP-E04-P4-A-19,2020-10-31T19:45:44.545Z,0.108
2446C8A8C839,AP-E04-P4-E-05,2020-10-31T19:45:44.545Z,1.8478
2446C8A8C839,AP-E04-P4-E-05,2020-10-31T19:46:44.545Z,1.8478
2446C8A8C839,AP-E04-P4-A-19,2020-10-31T19:51:25.975Z,0.1468
2446C8A8C839,AP-E04-P4-E-05,2020-10-31T19:51:25.975Z,2.7123
2446C8A8C839,AP-E04-P4-A-19,2020-10-31T19:52:25.975Z,0.2512
2446C8A8C839,AP-E04-P4-E-05,2020-10-31T19:52:25.975Z,1.8478
2446C8A8C839,AP-E04-P4-A-19,2020-10-31T19:53:25.985Z,0.7356
2446C8A8C839,AP-E04-P4-E-05,2020-10-31T19:53:25.985Z,1.8478
2446C8A8C839,AP-E04-P4-E-05,2020-10-31T19:54:25.975Z,1.2589
2446C8A8C839,AP-E04-P4-A-19,2020-10-31T19:54:25.975Z,0.7356
2446C8A8C839,AP-E04-P4-E-05,2020-10-31T19:55:25.975Z,2.3263
2446C8A8C839,AP-E04-P4-A-19,2020-10-31T19:55:25.975Z,1.9953
2446C8A8C839,AP-E04-P4-E-05,2020-10-31T19:56:25.975Z,1.8478
2446C8A8C839,AP-E04-P4-A-19,2020-10-31T19:56:25.975Z,0.7356
2446C8A8C839,AP-E04-P4-E-05,2020-10-31T19:57:25.975Z,1.8478
2446C8A8C839,AP-E04-P4-A-19,2020-10-31T19:57:25.975Z,0.7356
2446C8A8C839,AP-E04-P4-E-05,2020-10-31T19:58:25.985Z,2.1544
2446C8A8C839,AP-E04-P4-A-19,2020-10-31T19:58:25.985Z,2.5119
2446C8A8C839,AP-E04-P4-E-05,2020-10-31T19:59:25.975Z,2.1544
2446C8A8C839,AP-TRI-O-16,2020-10-31T19:59:25.975Z,2.7123
2446C8A8C839,AP-E04-P4-A-19,2020-10-31T19:59:25.975Z,2.5119
2446C8A8C839,AP-TRI-O-16,2020-10-31T20:00:25.985Z,0.8577
2446C8A8C839,AP-TRI-O-16,2020-10-31T20:01:25.975Z,2.5119
2446C8A8C839,AP-E04-P4-A-19,2020-10-31T20:01:25.975Z,0.631
2446C8A8C839,AP-E04-P4-E-05,2020-10-31T20:01:25.975Z,2.3263
2446C8A8C839,AP-TRJ-W-20,2020-10-31T20:02:25.975Z,2.7123
2446C8A8C839,AP-E04-P4-E-05,2020-10-31T20:02:25.975Z,2.5119
2446C8A8C839,AP-TRI-O-16,2020-10-31T20:02:25.975Z,2.5119
2446C8A8C839,AP-E04-P4-A-19,2020-10-31T20:02:25.975Z,0.4642
2446C8A8C839,AP-E04-P4-A-19,2020-10-31T20:03:25.985Z,0.4642
2446C8A8C839,AP-E04-P4-E-05,2020-10-31T20:03:25.985Z,1.7113
2446C8A8C839,AP-TRJ-W-20,2020-10-31T20:03:25.985Z,1.9953
2446C8A8C839,AP-E04-P4-E-05,2020-10-31T20:04:25.985Z,2.3263
2446C8A8C839,AP-E04-P4-A-19,2020-10-31T20:04:25.985Z,0.5412
2446C8A8C839,AP-TRJ-W-20,2020-10-31T20:04:25.985Z,1.9953
2446C8A8C839,AP-E04-P4-E-05,2020-10-31T20:05:25.975Z,1.5849
2446C8A8C839,AP-E04-P4-A-19,2020-10-31T20:05:25.975Z,0.6813
2446C8A8C839,AP-E04-P4-E-05,2020-10-31T20:06:25.985Z,2.3263
2446C8A8C839,AP-E04-P4-A-19,2020-10-31T20:06:25.985Z,0.1468
2446C8A8C839,AP-E04-P4-A-19,2020-10-31T20:07:25.975Z,0.1468
2446C8A8C839,AP-E04-P4-E-05,2020-10-31T20:07:25.975Z,1.5849
2446C8A8C839,AP-E04-P4-E-05,2020-10-31T20:08:25.985Z,1.5849
2446C8A8C839,AP-E04-P4-A-19,2020-10-31T20:08:25.985Z,0.1
2446C8A8C839,AP-E04-P4-A-19,2020-10-31T20:09:25.985Z,2.1544
2446C8A8C839,AP-E04-P4-E-05,2020-10-31T20:09:25.985Z,2.7123
2446C8A8C839,AP-E04-P4-A-19,2020-10-31T20:10:25.975Z,2.1544
2446C8A8C839,AP-E04-P4-E-05,2020-10-31T20:10:25.975Z,2.7123
2446C8A8C839,AP-TRI-O-16,2020-10-31T20:10:25.975Z,2.5119
2446C8A8C839,AP-TRI-O-16,2020-10-31T20:11:25.975Z,2.5119
2446C8A8C839,AP-TRI-O-16,2020-10-31T20:12:25.975Z,2.7123
2446C8A8C839,AP-TRI-O-16,2020-10-31T20:13:25.985Z,0.631
2446C8A8C839,AP-E04-P4-E-05,2020-10-31T20:13:25.985Z,1.8478
2446C8A8C839,AP-TRI-O-16,2020-10-31T20:14:25.985Z,0.631
2446C8A8C839,AP-E04-P4-A-19,2020-10-31T20:14:25.985Z,1.0
2446C8A8C839,AP-E04-P4-E-05,2020-10-31T20:14:25.985Z,1.8478
2446C8A8C839,AP-E04-P4-A-19,2020-10-31T20:15:25.985Z,0.631
2446C8A8C839,AP-E04-P4-E-05,2020-10-31T20:23:44.515Z,2.7123
2446C8A8C839,AP-E04-P4-A-19,2020-10-31T20:23:44.515Z,0.3687
2446C8A8C839,AP-E04-P4-A-19,2020-10-31T20:24:44.515Z,0.3687
2446C8A8C839,AP-E04-P4-A-19,2020-10-31T20:25:44.515Z,0.3415
2446C8A8C839,AP-E04-P4-A-19,2020-10-31T20:26:44.515Z,1.0
2446C8A8C839,AP-E04-P4-A-19,2020-10-31T20:27:44.515Z,1.1659
2446C8A8C839,AP-E04-P4-A-19,2020-10-31T20:28:44.515Z,0.7356
2446C8A8C839,AP-E04-P4-A-19,2020-10-31T20:29:44.515Z,1.1659
2446C8A8C839,AP-E04-P4-A-19,2020-10-31T20:30:44.515Z,1.1659
2446C8A8C839,AP-TRI-O-04,2020-10-31T20:44:22.975Z,3.1623
2446C8A8C839,AP-TRI-O-04,2020-10-31T21:05:22.945Z,2.9286
2446C8A8C839,AP-TRI-O-04,2020-10-31T21:22:23.045Z,2.7123
2446C8A8C839,AP-TRI-O-04,2020-10-31T21:23:23.045Z,2.7123
2446C8A8C839,AP-TRI-O-04,2020-10-31T21:24:23.045Z,2.5119
2446C8A8C839,AP-TRI-O-04,2020-10-31T21:25:23.045Z,1.7113
2446C8A8C839,AP-TRI-O-04,2020-10-31T21:26:23.046Z,1.7113
2446C8A8C839,AP-TRI-O-04,2020-10-31T21:32:23.025Z,2.3263
2446C8A8C839,AP-TRI-O-04,2020-10-31T21:33:23.025Z,2.3263
2446C8A8C839,AP-E04-P4-A-19,2020-10-31T21:33:23.025Z,2.7123
2446C8A8C839,AP-E04-P4-A-19,2020-10-31T21:34:23.025Z,2.7123
2446C8A8C839,AP-TRI-O-04,2020-10-31T21:34:23.025Z,3.4145
2446C8A8C839,AP-TRI-O-04,2020-10-31T21:35:23.025Z,3.4145
2446C8A8C839,AP-TRI-O-04,2020-10-31T21:38:26.106Z,2.5119
2446C8A8C839,AP-E04-P4-A-19,2020-10-31T21:38:26.106Z,2.7123
2446C8A8C839,AP-TRI-O-04,2020-10-31T21:39:26.105Z,2.5119
2446C8A8C839,AP-TRI-O-04,2020-10-31T21:40:26.105Z,2.7123
2446C8A8C839,AP-TRI-O-04,2020-10-31T21:41:26.105Z,2.7123
2446C8A8C839,AP-E04-P4-E-05,2020-10-31T18:33:14.496Z,2.5119
2446C8A8C839,AP-E04-P4-E-05,2020-10-31T18:34:14.495Z,2.5119
2446C8A8C839,AP-TRI-O-04,2020-10-31T18:34:14.495Z,2.9286
2446C8A8C839,AP-TRI-O-04,2020-10-31T18:35:14.495Z,2.9286
2446C8A8C839,AP-E04-P4-E-05,2020-10-31T18:35:14.495Z,2.3263
2446C8A8C839,AP-TRI-O-04,2020-10-31T18:36:14.505Z,2.3263
2446C8A8C839,AP-E04-P4-E-05,2020-10-31T18:36:14.505Z,2.7123
2446C8A8C839,AP-E04-P4-E-05,2020-10-31T18:37:14.495Z,2.5119
2446C8A8C839,AP-TRI-O-04,2020-10-31T18:37:14.495Z,2.3263
2446C8A8C839,AP-E04-P4-A-19,2020-10-31T18:38:14.495Z,1.4678
2446C8A8C839,AP-E04-P4-E-05,2020-10-31T18:38:14.495Z,2.5119
2446C8A8C839,AP-E04-P4-A-19,2020-10-31T18:39:14.505Z,1.4678
2446C8A8C839,AP-E04-P4-E-05,2020-10-31T18:39:14.505Z,2.3263
2446C8A8C839,AP-E04-P4-A-19,2020-10-31T18:40:14.505Z,1.4678
2446C8A8C839,AP-E04-P4-E-05,2020-10-31T18:40:14.505Z,2.7123
2446C8A8C839,AP-E04-P4-E-05,2020-10-31T18:41:14.485Z,2.7123
2446C8A8C839,AP-E04-P4-E-05,2020-10-31T18:42:14.505Z,2.5119
2446C8A8C839,AP-TRI-O-04,2020-10-31T18:43:14.505Z,2.9286
2446C8A8C839,AP-E04-P4-E-05,2020-10-31T18:43:14.505Z,2.1544
2446C8A8C839,AP-E04-P4-A-19,2020-10-31T18:43:14.505Z,1.0798
2446C8A8C839,AP-TRI-O-04,2020-10-31T18:44:14.505Z,2.9286
2446C8A8C839,AP-E04-P4-A-19,2020-10-31T18:44:14.505Z,1.0798
2446C8A8C839,AP-E04-P4-E-05,2020-10-31T18:44:14.505Z,2.1544
2446C8A8C839,AP-E04-P4-E-05,2020-10-31T18:45:14.495Z,2.3263
2446C8A8C839,AP-E04-P4-E-05,2020-10-31T18:46:14.505Z,2.5119
2446C8A8C839,AP-E04-P4-E-05,2020-10-31T18:47:14.506Z,2.3263
2446C8A8C839,AP-E04-P4-E-05,2020-10-31T18:48:14.495Z,2.7123
2446C8A8C839,AP-E04-P4-E-05,2020-10-31T18:49:14.495Z,2.7123
2446C8A8C839,AP-E04-P4-E-05,2020-10-31T18:50:14.505Z,2.7123
2446C8A8C839,AP-E04-P4-A-19,2020-10-31T18:51:14.495Z,1.0798
2446C8A8C839,AP-E04-P4-E-05,2020-10-31T18:51:14.495Z,2.1544
2446C8A8C839,AP-E04-P4-A-19,2020-10-31T18:52:14.495Z,1.0798
2446C8A8C839,AP-E04-P4-E-05,2020-10-31T18:52:14.495Z,2.5119
2446C8A8C839,AP-E04-P4-E-05,2020-10-31T18:53:14.505Z,2.7123
2446C8A8C839,AP-E04-P4-E-05,2020-10-31T18:54:14.505Z,2.7123
2446C8A8C839,AP-E04-P4-A-19,2020-10-31T18:54:14.505Z,3.4145
2446C8A8C839,AP-E04-P4-A-19,2020-10-31T18:55:14.495Z,3.4145
2446C8A8C839,AP-E04-P4-E-05,2020-10-31T18:56:14.495Z,2.7123
2446C8A8C839,AP-E04-P4-A-19,2020-10-31T18:57:14.505Z,0.2712
2446C8A8C839,AP-E04-P4-E-05,2020-10-31T18:57:14.505Z,2.7123
2446C8A8C839,AP-E04-P4-E-05,2020-10-31T18:58:14.495Z,2.7123
2446C8A8C839,AP-E04-P4-A-19,2020-10-31T18:58:14.495Z,0.3415
2446C8A8C839,AP-E04-P4-E-05,2020-10-31T18:59:14.495Z,1.7113
2446C8A8C839,AP-E04-P4-A-19,2020-10-31T18:59:14.495Z,0.2512
2446C8A8C839,AP-E04-P4-A-19,2020-10-31T19:00:14.495Z,0.2154
2446C8A8C839,AP-E04-P4-E-05,2020-10-31T19:00:14.495Z,2.3263
2446C8A8C839,AP-E04-P4-A-19,2020-10-31T19:01:14.505Z,0.3162
2446C8A8C839,AP-E04-P4-E-05,2020-10-31T19:01:14.505Z,2.3263
2446C8A8C839,AP-E04-P4-A-19,2020-10-31T19:02:14.495Z,0.3981
2446C8A8C839,AP-E04-P4-A-19,2020-10-31T19:03:14.496Z,0.2512
2446C8A8C839,AP-E04-P4-A-19,2020-10-31T19:04:14.495Z,0.1711
2446C8A8C839,AP-E04-P4-A-19,2020-10-31T19:05:14.505Z,0.1711
2446C8A8C839,AP-E04-P4-A-19,2020-10-31T19:06:14.505Z,0.1711
2446C8A8C839,AP-E04-P4-A-19,2020-10-31T19:07:14.495Z,0.1711
2446C8A8C839,AP-E04-P4-A-19,2020-10-31T19:08:14.505Z,0.1848
2446C8A8C839,AP-E04-P4-A-19,2020-10-31T19:09:14.505Z,0.1711
2446C8A8C839,AP-E04-P4-A-19,2020-10-31T19:10:14.505Z,0.2154
2446C8A8C839,AP-E04-P4-E-05,2020-10-31T19:10:14.505Z,2.1544
2446C8A8C839,AP-E04-P4-A-19,2020-10-31T19:11:14.505Z,0.2154
2446C8A8C839,AP-E04-P4-E-05,2020-10-31T19:11:14.505Z,2.1544
2446C8A8C839,AP-E04-P4-A-19,2020-10-31T19:12:14.505Z,0.2154
2446C8A8C839,AP-E04-P4-A-19,2020-10-31T19:13:14.496Z,0.2154
2446C8A8C839,AP-E04-P4-A-19,2020-10-31T19:14:14.495Z,0.1995
2446C8A8C839,AP-E04-P4-A-19,2020-10-31T19:15:14.495Z,0.2154
2446C8A8C839,AP-E04-P4-A-19,2020-10-31T19:16:14.495Z,0.2154
2446C8A8C839,AP-E04-P4-A-19,2020-10-31T19:17:14.505Z,0.1995
2446C8A8C839,AP-E04-P4-A-19,2020-10-31T19:18:14.495Z,0.2512
2446C8A8C839,AP-E04-P4-A-19,2020-10-31T19:19:14.505Z,0.2326
2446C8A8C839,AP-E04-P4-A-19,2020-10-31T19:20:14.495Z,0.3415
2446C8A8C839,AP-E04-P4-A-19,2020-10-31T19:21:14.495Z,0.2512
2446C8A8C839,AP-E04-P4-A-19,2020-10-31T19:22:14.495Z,0.2512
2446C8A8C839,AP-E04-P4-A-19,2020-10-31T19:23:14.495Z,0.2512
2446C8A8C839,AP-E04-P4-A-19,2020-10-31T19:24:14.505Z,0.2712
2446C8A8C839,AP-E04-P4-A-19,2020-10-31T19:25:14.495Z,0.2512
2446C8A8C839,AP-E04-P4-E-05,2020-10-31T19:25:14.495Z,2.7123
2446C8A8C839,AP-E04-P4-A-19,2020-10-31T19:26:14.495Z,0.2512
2446C8A8C839,AP-E04-P4-E-05,2020-10-31T19:26:14.495Z,2.7123
2446C8A8C839,AP-E04-P4-A-19,2020-10-31T19:27:14.495Z,0.3162
2446C8A8C839,AP-E04-P4-A-19,2020-10-31T19:28:14.495Z,0.2512
2446C8A8C839,AP-E04-P4-A-19,2020-10-31T19:29:14.505Z,0.2712
2446C8A8C839,AP-E04-P4-A-19,2020-10-31T19:30:14.495Z,0.2512
2446C8A8C839,AP-E04-P4-A-19,2020-10-31T19:31:14.505Z,0.2712
2446C8A8C839,AP-E04-P4-A-19,2020-10-31T19:32:14.505Z,0.2712
2446C8A8C839,AP-E04-P4-A-19,2020-10-31T19:33:14.495Z,0.2929
2446C8A8C839,AP-E04-P4-A-19,2020-10-31T19:34:14.505Z,0.2512
2446C8A8C839,AP-E04-P4-A-19,2020-10-31T19:35:14.505Z,0.2712
2446C8A8C839,AP-E04-P4-E-05,2020-10-31T19:35:14.505Z,2.3263
2446C8A8C839,AP-E04-P4-E-05,2020-10-31T19:36:14.505Z,2.3263
2446C8A8C839,AP-E04-P4-A-19,2020-10-31T19:36:14.505Z,0.2512
2446C8A8C839,AP-E04-P4-A-19,2020-10-31T19:37:14.505Z,0.2326
2446C8A8C839,AP-E04-P4-A-19,2020-10-31T19:38:14.505Z,0.2929
2446C8A8C839,AP-E04-P4-A-19,2020-10-31T19:39:14.505Z,0.2512
2446C8A8C839,AP-E04-P4-A-19,2020-10-31T19:40:14.495Z,0.2512
2446C8A8C839,AP-E04-P4-A-19,2020-10-31T19:41:14.495Z,0.2326
2446C8A8C839,AP-E04-P4-A-19,2020-10-31T19:42:14.505Z,0.2512
2446C8A8C839,AP-E04-P4-A-19,2020-10-31T19:43:14.505Z,0.2512
2446C8A8C839,AP-E04-P4-A-19,2020-10-31T19:44:14.495Z,0.2326
2446C8A8C839,AP-E04-P4-A-19,2020-10-31T19:45:14.496Z,0.2326
2446C8A8C839,AP-E04-P4-E-05,2020-10-31T19:45:14.496Z,2.5119
2446C8A8C839,AP-E04-P4-E-05,2020-10-31T19:46:14.495Z,2.5119
2446C8A8C839,AP-E04-P4-A-19,2020-10-31T19:46:14.495Z,0.3162
2446C8A8C839,AP-E04-P4-E-05,2020-10-31T19:47:14.505Z,2.5119
2446C8A8C839,AP-E04-P4-A-19,2020-10-31T19:47:14.505Z,0.3162
2446C8A8C839,AP-E04-P4-A-19,2020-10-31T19:48:14.505Z,0.2712
2446C8A8C839,AP-E04-P4-A-19,2020-10-31T19:49:14.505Z,0.4299
2446C8A8C839,AP-E04-P4-A-19,2020-10-31T19:50:14.495Z,0.2712
2446C8A8C839,AP-E04-P4-E-05,2020-10-31T19:51:14.495Z,2.7123
2446C8A8C839,AP-E04-P4-A-19,2020-10-31T19:51:14.495Z,0.2512
2446C8A8C839,AP-E04-P4-A-19,2020-10-31T19:52:14.505Z,0.3687
2446C8A8C839,AP-E04-P4-E-05,2020-10-31T19:52:14.505Z,2.7123
2446C8A8C839,AP-E04-P4-A-19,2020-10-31T19:53:14.495Z,0.631
2446C8A8C839,AP-E04-P4-E-05,2020-10-31T19:54:14.505Z,0.5843
2446C8A8C839,AP-E04-P4-A-19,2020-10-31T19:54:14.505Z,0.1848
2446C8A8C839,AP-E04-P4-A-19,2020-10-31T19:55:14.505Z,0.8577
2446C8A8C839,AP-E04-P4-E-05,2020-10-31T19:55:14.505Z,1.7113
2446C8A8C839,AP-E04-P4-E-05,2020-10-31T19:56:14.505Z,0.6813
2446C8A8C839,AP-E04-P4-A-19,2020-10-31T19:56:14.505Z,0.1585
2446C8A8C839,AP-E04-P4-E-05,2020-10-31T19:57:14.495Z,1.5849
2446C8A8C839,AP-E04-P4-A-19,2020-10-31T19:57:14.495Z,0.7943
2446C8A8C839,AP-E04-P4-A-19,2020-10-31T19:58:14.495Z,0.2512
2446C8A8C839,AP-E04-P4-E-05,2020-10-31T19:58:14.495Z,1.9953
2446C8A8C839,AP-E04-P4-E-05,2020-10-31T19:59:14.496Z,1.9953
2446C8A8C839,AP-TRI-O-16,2020-10-31T19:59:14.496Z,1.8478
2446C8A8C839,AP-E04-P4-A-19,2020-10-31T19:59:14.496Z,1.2589
2446C8A8C839,AP-E04-P4-A-19,2020-10-31T20:00:14.495Z,1.2589
2446C8A8C839,AP-TRI-O-16,2020-10-31T20:00:14.495Z,1.8478
2446C8A8C839,AP-E04-P4-E-05,2020-10-31T20:01:14.495Z,1.8478
2446C8A8C839,AP-E04-P4-A-19,2020-10-31T20:01:14.495Z,0.2712
2446C8A8C839,AP-TRI-O-16,2020-10-31T20:01:14.495Z,2.5119
2446C8A8C839,AP-TRI-O-16,2020-10-31T20:02:14.505Z,2.5119
2446C8A8C839,AP-E04-P4-E-05,2020-10-31T20:02:14.505Z,1.8478
2446C8A8C839,AP-E04-P4-A-19,2020-10-31T20:02:14.505Z,0.6813
2446C8A8C839,AP-E04-P4-A-19,2020-10-31T20:03:14.495Z,0.631
2446C8A8C839,AP-E04-P4-A-19,2020-10-31T20:04:14.505Z,0.631
2446C8A8C839,AP-E04-P4-A-19,2020-10-31T20:05:14.495Z,0.4299
2446C8A8C839,AP-E04-P4-A-19,2020-10-31T20:06:14.505Z,0.1711
2446C8A8C839,AP-E04-P4-A-19,2020-10-31T20:07:14.505Z,0.1585
2446C8A8C839,AP-E04-P4-A-19,2020-10-31T20:08:14.506Z,0.1468
2446C8A8C839,AP-E04-P4-E-05,2020-10-31T20:09:14.495Z,1.9953
2446C8A8C839,AP-E04-P4-A-19,2020-10-31T20:09:14.495Z,0.3981
2446C8A8C839,AP-E04-P4-A-19,2020-10-31T20:10:14.505Z,1.7113
2446C8A8C839,AP-E04-P4-E-05,2020-10-31T20:10:14.505Z,1.9953
2446C8A8C839,AP-E04-P4-A-19,2020-10-31T20:11:14.505Z,1.7113
2446C8A8C839,AP-E04-P4-E-05,2020-10-31T20:13:29.504Z,2.3263
2446C8A8C839,AP-TRI-O-16,2020-10-31T20:13:29.504Z,2.3263
2446C8A8C839,AP-E04-P4-A-19,2020-10-31T20:13:29.504Z,0.7356
2446C8A8C839,AP-E04-P4-E-05,2020-10-31T20:14:29.505Z,2.3263
2446C8A8C839,AP-E04-P4-A-19,2020-10-31T20:14:29.505Z,0.6813
2446C8A8C839,AP-E04-P4-A-19,2020-10-31T20:15:29.505Z,0.8577
2446C8A8C839,AP-E04-P4-A-19,2020-10-31T20:16:29.505Z,1.0798
2446C8A8C839,AP-E04-P4-A-19,2020-10-31T20:17:29.505Z,1.0
2446C8A8C839,AP-E04-P4-A-19,2020-10-31T20:18:29.505Z,0.7943
2446C8A8C839,AP-E04-P4-A-19,2020-10-31T20:19:29.505Z,0.7943
2446C8A8C839,AP-E04-P4-A-19,2020-10-31T20:20:29.505Z,0.7943
2446C8A8C839,AP-E04-P4-A-19,2020-10-31T20:21:29.505Z,0.631
2446C8A8C839,AP-E04-P4-A-19,2020-10-31T20:22:29.505Z,0.7943
2446C8A8C839,AP-E04-P4-A-19,2020-10-31T20:23:29.505Z,0.8577
2446C8A8C839,AP-E04-P4-A-19,2020-10-31T20:24:29.505Z,0.9261
2446C8A8C839,AP-E04-P4-A-19,2020-10-31T20:25:29.505Z,0.7943
2446C8A8C839,AP-E04-P4-A-19,2020-10-31T20:26:29.505Z,0.3415
2446C8A8C839,AP-E04-P4-A-19,2020-10-31T20:27:29.505Z,0.3415
2446C8A8C839,AP-TRI-O-04,2020-10-31T21:22:23.045Z,3.1623
2446C8A8C839,AP-TRI-O-04,2020-10-31T21:23:23.045Z,3.1623
2446C8A8C839,AP-TRI-O-04,2020-10-31T21:24:23.045Z,2.7123
2446C8A8C839,AP-TRI-O-04,2020-10-31T21:25:23.045Z,2.7123
2446C8A8C839,AP-TRI-O-04,2020-10-31T21:32:23.025Z,3.1623
2446C8A8C839,AP-E04-P4-E-05,2020-10-31T18:34:44.602Z,0.7943
2446C8A8C839,AP-TRI-O-04,2020-10-31T18:34:44.602Z,2.5119
2446C8A8C839,AP-E04-P4-A-19,2020-10-31T18:34:44.602Z,0.9261
2446C8A8C839,AP-E04-P4-A-19,2020-10-31T18:35:44.602Z,0.9261
2446C8A8C839,AP-TRI-O-04,2020-10-31T18:35:44.602Z,2.5119
2446C8A8C839,AP-E04-P4-E-05,2020-10-31T18:35:44.602Z,0.7943
2446C8A8C839,AP-TRJ-W-20,2020-10-31T18:40:13.231Z,2.7123
2446C8A8C839,AP-TRI-O-04,2020-10-31T18:40:13.231Z,2.3263
2446C8A8C839,AP-E04-P4-A-19,2020-10-31T18:40:13.231Z,0.7356
2446C8A8C839,AP-E04-P4-E-05,2020-10-31T18:40:13.231Z,1.8478
2446C8A8C839,AP-TRJ-W-20,2020-10-31T18:41:13.232Z,2.7123
2446C8A8C839,AP-E04-P4-A-19,2020-10-31T18:41:13.232Z,0.9261
2446C8A8C839,AP-E04-P4-E-05,2020-10-31T18:41:13.232Z,2.3263
2446C8A8C839,AP-TRI-O-04,2020-10-31T18:41:13.232Z,2.5119
2446C8A8C839,AP-TRJ-W-20,2020-10-31T18:42:13.231Z,2.7123
2446C8A8C839,AP-E04-P4-A-19,2020-10-31T18:42:13.231Z,1.9953
2446C8A8C839,AP-E04-P4-E-05,2020-10-31T18:42:13.231Z,2.3263
2446C8A8C839,AP-TRI-O-04,2020-10-31T18:42:13.231Z,2.5119
2446C8A8C839,AP-E04-P4-A-19,2020-10-31T18:43:13.232Z,0.7356
2446C8A8C839,AP-TRI-O-04,2020-10-31T18:43:13.232Z,1.9953
2446C8A8C839,AP-TRJ-W-20,2020-10-31T18:43:13.232Z,2.9286
2446C8A8C839,AP-E04-P4-E-05,2020-10-31T18:43:13.232Z,0.9261
2446C8A8C839,AP-E04-P4-A-19,2020-10-31T18:44:13.232Z,0.7356
2446C8A8C839,AP-TRJ-W-20,2020-10-31T18:44:13.232Z,2.9286
2446C8A8C839,AP-TRI-O-04,2020-10-31T18:44:13.232Z,1.9953
2446C8A8C839,AP-E04-P4-E-05,2020-10-31T18:44:13.232Z,0.9261
2446C8A8C839,AP-E04-P4-A-19,2020-10-31T18:49:12.712Z,0.7356
2446C8A8C839,AP-TRI-O-16,2020-10-31T18:49:12.712Z,2.7123
2446C8A8C839,AP-TRI-O-04,2020-10-31T18:49:12.712Z,1.7113
2446C8A8C839,AP-TRJ-W-20,2020-10-31T18:49:12.712Z,2.9286
2446C8A8C839,AP-E04-P4-E-05,2020-10-31T18:49:12.712Z,0.9261
2446C8A8C839,AP-E04-P4-E-05,2020-10-31T18:50:12.712Z,1.2589
2446C8A8C839,AP-TRJ-W-20,2020-10-31T18:50:12.712Z,2.9286
2446C8A8C839,AP-TRI-O-16,2020-10-31T18:50:12.712Z,2.7123
2446C8A8C839,AP-TRI-O-04,2020-10-31T18:50:12.712Z,2.1544
2446C8A8C839,AP-E04-P4-A-19,2020-10-31T18:50:12.712Z,1.3594
2446C8A8C839,AP-TRI-O-04,2020-10-31T18:51:12.712Z,1.9953
2446C8A8C839,AP-E04-P4-E-05,2020-10-31T18:51:12.712Z,1.0
2446C8A8C839,AP-E04-P4-A-19,2020-10-31T18:51:12.712Z,0.631
2446C8A8C839,AP-E04-P4-A-19,2020-10-31T18:52:12.712Z,0.7943
2446C8A8C839,AP-E04-P4-E-05,2020-10-31T18:52:12.712Z,1.3594
2446C8A8C839,AP-TRI-O-04,2020-10-31T18:52:12.712Z,1.8478
2446C8A8C839,AP-TRJ-W-20,2020-10-31T18:52:12.712Z,2.5119
2446C8A8C839,AP-E04-P4-A-19,2020-10-31T18:53:12.712Z,0.9261
2446C8A8C839,AP-TRI-O-04,2020-10-31T18:53:12.712Z,2.3263
2446C8A8C839,AP-TRJ-W-20,2020-10-31T18:53:12.712Z,2.5119
2446C8A8C839,AP-E04-P4-E-05,2020-10-31T18:53:12.712Z,2.1544
2446C8A8C839,AP-TRI-O-04,2020-10-31T18:54:12.711Z,1.5849
2446C8A8C839,AP-E04-P4-E-05,2020-10-31T18:54:12.711Z,1.7113
2446C8A8C839,AP-E04-P4-A-19,2020-10-31T18:54:12.711Z,1.0
2446C8A8C839,AP-TRJ-W-20,2020-10-31T18:54:12.711Z,2.5119
2446C8A8C839,AP-E04-P4-A-19,2020-10-31T18:55:12.712Z,1.9953
2446C8A8C839,AP-E04-P4-E-05,2020-10-31T18:55:12.712Z,2.3263
2446C8A8C839,AP-TRI-O-04,2020-10-31T18:55:12.712Z,2.7123
2446C8A8C839,AP-E04-P4-A-19,2020-10-31T18:56:12.712Z,1.9953
2446C8A8C839,AP-TRI-O-04,2020-10-31T18:56:12.712Z,2.7123
2446C8A8C839,AP-E04-P4-E-05,2020-10-31T18:56:12.712Z,1.9953
2446C8A8C839,AP-E04-P4-A-19,2020-10-31T18:57:12.712Z,1.9953
2446C8A8C839,AP-TRI-O-04,2020-10-31T18:57:12.712Z,2.5119
2446C8A8C839,AP-E04-P4-E-05,2020-10-31T18:57:12.712Z,2.7123
2446C8A8C839,AP-TRI-O-04,2020-10-31T18:58:12.712Z,2.5119
2446C8A8C839,AP-E04-P4-A-19,2020-10-31T18:58:12.712Z,2.5119
2446C8A8C839,AP-E04-P4-E-05,2020-10-31T18:58:12.712Z,2.1544
2446C8A8C839,AP-E04-P4-A-19,2020-10-31T18:59:12.712Z,0.631
2446C8A8C839,AP-E04-P4-E-05,2020-10-31T18:59:12.712Z,1.7113
2446C8A8C839,AP-E04-P4-A-19,2020-10-31T19:00:12.712Z,0.631
2446C8A8C839,AP-E04-P4-E-05,2020-10-31T19:00:12.712Z,1.7113
2446C8A8C839,AP-E04-P4-E-05,2020-10-31T19:01:12.711Z,1.9953
2446C8A8C839,AP-E04-P4-A-19,2020-10-31T19:01:12.711Z,0.6813
2446C8A8C839,AP-E04-P4-E-05,2020-10-31T19:02:12.711Z,1.9953
2446C8A8C839,AP-E04-P4-A-19,2020-10-31T19:02:12.711Z,0.6813
2446C8A8C839,AP-E04-P4-E-05,2020-10-31T19:03:12.712Z,2.1544
2446C8A8C839,AP-E04-P4-A-19,2020-10-31T19:03:12.712Z,0.8577
2446C8A8C839,AP-TRJ-W-20,2020-10-31T19:04:12.712Z,2.7123
2446C8A8C839,AP-E04-P4-A-19,2020-10-31T19:04:12.712Z,0.4642
2446C8A8C839,AP-E04-P4-E-05,2020-10-31T19:04:12.712Z,1.7113
2446C8A8C839,AP-E04-P4-E-05,2020-10-31T19:05:12.712Z,1.2589
2446C8A8C839,AP-TRJ-W-20,2020-10-31T19:05:12.712Z,2.7123
2446C8A8C839,AP-E04-P4-A-19,2020-10-31T19:05:12.712Z,0.5012
2446C8A8C839,AP-E04-P4-E-05,2020-10-31T19:06:12.712Z,1.2589
2446C8A8C839,AP-TRJ-W-20,2020-10-31T19:06:12.712Z,2.7123
2446C8A8C839,AP-E04-P4-A-19,2020-10-31T19:06:12.712Z,0.5012
2446C8A8C839,AP-TRJ-W-20,2020-10-31T19:07:12.712Z,2.7123
2446C8A8C839,AP-E04-P4-A-19,2020-10-31T19:07:12.712Z,0.1995
2446C8A8C839,AP-E04-P4-A-19,2020-10-31T19:08:12.701Z,0.1848
2446C8A8C839,AP-E04-P4-E-05,2020-10-31T19:08:12.701Z,1.7113
2446C8A8C839,AP-E04-P4-E-05,2020-10-31T19:09:12.712Z,1.5849
2446C8A8C839,AP-TRJ-W-20,2020-10-31T19:09:12.712Z,2.3263
2446C8A8C839,AP-E04-P4-A-19,2020-10-31T19:09:12.712Z,0.5843
2446C8A8C839,AP-TRJ-W-20,2020-10-31T19:10:12.712Z,2.3263
2446C8A8C839,AP-E04-P4-E-05,2020-10-31T19:10:12.712Z,1.9953
2446C8A8C839,AP-E04-P4-A-19,2020-10-31T19:10:12.712Z,0.631
2446C8A8C839,AP-E04-P4-E-05,2020-10-31T19:11:12.711Z,1.9953
2446C8A8C839,AP-TRJ-W-20,2020-10-31T19:11:12.711Z,2.3263
2446C8A8C839,AP-E04-P4-A-19,2020-10-31T19:11:12.711Z,0.631
2446C8A8C839,AP-TRJ-W-20,2020-10-31T19:12:12.712Z,2.3263
2446C8A8C839,AP-E04-P4-A-19,2020-10-31T19:12:12.712Z,0.3415
2446C8A8C839,AP-E04-P4-E-05,2020-10-31T19:13:12.712Z,1.7113
2446C8A8C839,AP-E04-P4-A-19,2020-10-31T19:13:12.712Z,0.5843
2446C8A8C839,AP-TRJ-W-20,2020-10-31T19:13:12.712Z,2.3263
2446C8A8C839,AP-E04-P4-A-19,2020-10-31T19:14:12.712Z,0.5843
2446C8A8C839,AP-TRJ-W-20,2020-10-31T19:14:12.712Z,2.3263
2446C8A8C839,AP-E04-P4-E-05,2020-10-31T19:14:12.712Z,1.7113
2446C8A8C839,AP-E04-P4-A-19,2020-10-31T19:15:12.712Z,0.1468
2446C8A8C839,AP-E04-P4-A-19,2020-10-31T19:16:12.712Z,0.5012
2446C8A8C839,AP-E04-P4-E-05,2020-10-31T19:16:12.712Z,1.1659
2446C8A8C839,AP-E04-P4-A-19,2020-10-31T19:17:12.712Z,0.5012
2446C8A8C839,AP-E04-P4-E-05,2020-10-31T19:17:12.712Z,1.1659
2446C8A8C839,AP-E04-P4-A-19,2020-10-31T19:18:12.712Z,1.0
2446C8A8C839,AP-E04-P4-E-05,2020-10-31T19:18:12.712Z,2.1544
2446C8A8C839,AP-E04-P4-E-05,2020-10-31T19:19:12.712Z,2.1544
2446C8A8C839,AP-E04-P4-A-19,2020-10-31T19:19:12.712Z,1.0
2446C8A8C839,AP-E04-P4-E-05,2020-10-31T19:20:12.712Z,1.8478
2446C8A8C839,AP-E04-P4-A-19,2020-10-31T19:20:12.712Z,0.3687
2446C8A8C839,AP-TRJ-W-20,2020-10-31T19:20:12.712Z,2.1544
2446C8A8C839,AP-E04-P4-A-19,2020-10-31T19:21:12.712Z,0.3687
2446C8A8C839,AP-E04-P4-E-05,2020-10-31T19:21:12.712Z,1.8478
2446C8A8C839,AP-TRJ-W-20,2020-10-31T19:21:12.712Z,2.1544
2446C8A8C839,AP-TRJ-W-20,2020-10-31T19:22:12.712Z,2.1544
2446C8A8C839,AP-E04-P4-A-19,2020-10-31T19:22:12.712Z,0.4642
2446C8A8C839,AP-E04-P4-E-05,2020-10-31T19:22:12.712Z,1.3594
2446C8A8C839,AP-E04-P4-A-19,2020-10-31T19:23:12.712Z,0.4299
2446C8A8C839,AP-E04-P4-E-05,2020-10-31T19:23:12.712Z,1.4678
2446C8A8C839,AP-TRJ-W-20,2020-10-31T19:23:12.712Z,1.9953
2446C8A8C839,AP-E04-P4-A-19,2020-10-31T19:24:12.712Z,0.5843
2446C8A8C839,AP-TRJ-W-20,2020-10-31T19:24:12.712Z,1.9953
2446C8A8C839,AP-E04-P4-E-05,2020-10-31T19:24:12.712Z,1.3594
2446C8A8C839,AP-E04-P4-E-05,2020-10-31T19:25:12.712Z,1.3594
2446C8A8C839,AP-E04-P4-A-19,2020-10-31T19:25:12.712Z,0.5843
2446C8A8C839,AP-TRJ-W-20,2020-10-31T19:25:12.712Z,2.1544
2446C8A8C839,AP-TRJ-W-20,2020-10-31T19:26:12.712Z,1.9953
2446C8A8C839,AP-E04-P4-A-19,2020-10-31T19:26:12.712Z,0.6813
2446C8A8C839,AP-E04-P4-E-05,2020-10-31T19:26:12.712Z,1.5849
2446C8A8C839,AP-TRI-O-16,2020-10-31T19:27:12.711Z,2.9286
2446C8A8C839,AP-E04-P4-A-19,2020-10-31T19:27:12.711Z,0.5012
2446C8A8C839,AP-TRJ-W-20,2020-10-31T19:27:12.711Z,1.9953
2446C8A8C839,AP-E04-P4-E-05,2020-10-31T19:27:12.711Z,1.5849
2446C8A8C839,AP-E04-P4-E-05,2020-10-31T19:28:12.712Z,2.5119
2446C8A8C839,AP-TRI-O-16,2020-10-31T19:28:12.712Z,2.9286
2446C8A8C839,AP-E04-P4-A-19,2020-10-31T19:28:12.712Z,1.2589
2446C8A8C839,AP-E04-P4-A-19,2020-10-31T19:29:12.711Z,1.2589
2446C8A8C839,AP-E04-P4-E-05,2020-10-31T19:29:12.711Z,2.5119
2446C8A8C839,AP-E04-P4-A-19,2020-10-31T19:30:12.712Z,0.3162
2446C8A8C839,AP-E04-P4-A-19,2020-10-31T19:31:12.712Z,0.3415
2446C8A8C839,AP-E04-P4-A-19,2020-10-31T19:32:12.712Z,0.3415
2446C8A8C839,AP-E04-P4-A-19,2020-10-31T19:33:12.712Z,0.3415
2446C8A8C839,AP-E04-P4-A-19,2020-10-31T19:34:12.712Z,0.1711
2446C8A8C839,AP-E04-P4-A-19,2020-10-31T19:35:12.712Z,0.4642
2446C8A8C839,AP-E04-P4-A-19,2020-10-31T19:36:12.712Z,0.5012
2446C8A8C839,AP-E04-P4-A-19,2020-10-31T19:37:12.712Z,0.5412
2446C8A8C839,AP-E04-P4-A-19,2020-10-31T19:38:12.711Z,0.8577
2446C8A8C839,AP-E04-P4-E-05,2020-10-31T19:38:12.711Z,2.7123
2446C8A8C839,AP-E04-P4-A-19,2020-10-31T19:39:12.712Z,0.8577
2446C8A8C839,AP-E04-P4-E-05,2020-10-31T19:39:12.712Z,2.7123
2446C8A8C839,AP-E04-P4-A-19,2020-10-31T19:40:12.712Z,0.5412
2446C8A8C839,AP-E04-P4-A-19,2020-10-31T19:41:12.712Z,0.5012
2446C8A8C839,AP-E04-P4-A-19,2020-10-31T19:42:12.712Z,0.5412
2446C8A8C839,AP-E04-P4-E-05,2020-10-31T19:43:12.712Z,2.7123
2446C8A8C839,AP-E04-P4-A-19,2020-10-31T19:43:12.712Z,0.5412
2446C8A8C839,AP-E04-P4-E-05,2020-10-31T19:44:12.711Z,2.7123
2446C8A8C839,AP-E04-P4-A-19,2020-10-31T19:44:12.711Z,0.7943
2446C8A8C839,AP-E04-P4-E-05,2020-10-31T19:45:12.712Z,2.5119
2446C8A8C839,AP-E04-P4-A-19,2020-10-31T19:45:12.712Z,0.7356
2446C8A8C839,AP-E04-P4-E-05,2020-10-31T19:46:12.712Z,2.5119
2446C8A8C839,AP-E04-P4-A-19,2020-10-31T19:46:12.712Z,0.7356
2446C8A8C839,AP-E04-P4-A-19,2020-10-31T19:47:12.712Z,0.5012
2446C8A8C839,AP-E04-P4-A-19,2020-10-31T19:48:12.712Z,0.5012
2446C8A8C839,AP-E04-P4-A-19,2020-10-31T19:49:12.712Z,0.5012
2446C8A8C839,AP-E04-P4-A-19,2020-10-31T19:50:12.712Z,0.5012
2446C8A8C839,AP-E04-P4-A-19,2020-10-31T19:51:12.712Z,0.4642
2446C8A8C839,AP-E04-P4-A-19,2020-10-31T19:52:12.712Z,0.2929
2446C8A8C839,AP-E04-P4-A-19,2020-10-31T19:53:12.712Z,0.5843
2446C8A8C839,AP-E04-P4-E-05,2020-10-31T19:53:12.712Z,2.3263
2446C8A8C839,AP-E04-P4-A-19,2020-10-31T19:54:12.712Z,0.5843
2446C8A8C839,AP-E04-P4-E-05,2020-10-31T19:54:12.712Z,2.1544
2446C8A8C839,AP-E04-P4-A-19,2020-10-31T19:55:12.712Z,2.3263
2446C8A8C839,AP-E04-P4-E-05,2020-10-31T19:55:12.712Z,0.7943
2446C8A8C839,AP-TRI-O-16,2020-10-31T19:55:12.712Z,2.1544
2446C8A8C839,AP-TRI-O-16,2020-10-31T19:56:12.712Z,2.1544
2446C8A8C839,AP-E04-P4-A-19,2020-10-31T19:56:12.712Z,0.631
2446C8A8C839,AP-TRJ-W-20,2020-10-31T19:56:12.712Z,2.5119
2446C8A8C839,AP-E04-P4-E-05,2020-10-31T19:56:12.712Z,1.1659
2446C8A8C839,AP-E04-P4-E-05,2020-10-31T19:57:12.712Z,2.1544
2446C8A8C839,AP-TRI-O-16,2020-10-31T19:57:12.712Z,2.1544
2446C8A8C839,AP-TRJ-W-20,2020-10-31T19:57:12.712Z,2.5119
2446C8A8C839,AP-E04-P4-A-19,2020-10-31T19:57:12.712Z,0.631
2446C8A8C839,AP-E04-P4-E-05,2020-10-31T19:58:12.712Z,2.3263
2446C8A8C839,AP-E04-P4-A-19,2020-10-31T19:58:12.712Z,0.2929
2446C8A8C839,AP-TRJ-W-20,2020-10-31T19:58:12.712Z,2.5119
2446C8A8C839,AP-TRI-O-16,2020-10-31T19:58:12.712Z,2.1544
2446C8A8C839,AP-TRI-O-16,2020-10-31T19:59:12.712Z,2.3263
2446C8A8C839,AP-E04-P4-E-05,2020-10-31T19:59:12.712Z,2.3263
2446C8A8C839,AP-TRJ-W-20,2020-10-31T19:59:12.712Z,2.5119
2446C8A8C839,AP-E04-P4-A-19,2020-10-31T19:59:12.712Z,1.5849
2446C8A8C839,AP-TRI-O-16,2020-10-31T20:00:12.712Z,2.3263
2446C8A8C839,AP-E04-P4-A-19,2020-10-31T20:00:12.712Z,1.5849
2446C8A8C839,AP-E04-P4-A-19,2020-10-31T20:01:12.712Z,1.9953
2446C8A8C839,AP-E04-P4-A-19,2020-10-31T20:02:12.712Z,1.9953
2446C8A8C839,AP-TRI-O-16,2020-10-31T20:03:12.712Z,1.9953
2446C8A8C839,AP-TRJ-W-20,2020-10-31T20:03:12.712Z,2.7123
2446C8A8C839,AP-E04-P4-A-19,2020-10-31T20:04:12.712Z,2.1544
2446C8A8C839,AP-TRI-O-16,2020-10-31T20:04:12.712Z,2.5119
2446C8A8C839,AP-E04-P4-E-05,2020-10-31T20:04:12.712Z,2.5119
2446C8A8C839,AP-TRJ-W-20,2020-10-31T20:04:12.712Z,2.7123
2446C8A8C839,AP-TRI-O-16,2020-10-31T20:05:12.711Z,2.5119
2446C8A8C839,AP-E04-P4-E-05,2020-10-31T20:05:12.711Z,2.7123
2446C8A8C839,AP-TRJ-W-20,2020-10-31T20:05:12.711Z,1.9953
2446C8A8C839,AP-E04-P4-A-19,2020-10-31T20:05:12.711Z,1.8478
2446C8A8C839,AP-E04-P4-A-19,2020-10-31T20:06:12.712Z,2.7123
2446C8A8C839,AP-TRJ-W-20,2020-10-31T20:06:12.712Z,2.7123
2446C8A8C839,AP-TRI-O-16,2020-10-31T20:06:12.712Z,2.5119
2446C8A8C839,AP-E04-P4-E-05,2020-10-31T20:06:12.712Z,1.0
2446C8A8C839,AP-E04-P4-A-19,2020-10-31T20:07:12.712Z,0.5843
2446C8A8C839,AP-E04-P4-E-05,2020-10-31T20:07:12.712Z,1.1659
2446C8A8C839,AP-TRJ-W-20,2020-10-31T20:07:12.712Z,2.7123
2446C8A8C839,AP-E04-P4-E-05,2020-10-31T20:08:12.712Z,1.1659
2446C8A8C839,AP-E04-P4-A-19,2020-10-31T20:08:12.712Z,0.3415
2446C8A8C839,AP-E04-P4-A-19,2020-10-31T20:09:12.712Z,0.3415
2446C8A8C839,AP-E04-P4-E-05,2020-10-31T20:09:12.712Z,1.5849
2446C8A8C839,AP-TRJ-W-20,2020-10-31T20:10:12.712Z,2.5119
2446C8A8C839,AP-E04-P4-A-19,2020-10-31T20:10:12.712Z,1.3594
2446C8A8C839,AP-E04-P4-E-05,2020-10-31T20:10:12.712Z,2.7123
2446C8A8C839,AP-E04-P4-A-19,2020-10-31T20:11:12.712Z,1.4678
2446C8A8C839,AP-TRJ-W-20,2020-10-31T20:11:12.712Z,2.5119
2446C8A8C839,AP-E04-P4-E-05,2020-10-31T20:11:12.712Z,2.9286
2446C8A8C839,AP-E04-P4-E-05,2020-10-31T20:12:12.712Z,2.9286
2446C8A8C839,AP-E04-P4-A-19,2020-10-31T20:12:12.712Z,1.7113
2446C8A8C839,AP-E04-P4-A-19,2020-10-31T20:13:12.712Z,2.3263
2446C8A8C839,AP-E04-P4-E-05,2020-10-31T20:13:12.712Z,2.7123
2446C8A8C839,AP-E04-P4-A-19,2020-10-31T20:14:12.712Z,2.9286
2446C8A8C839,AP-E04-P4-E-05,2020-10-31T20:14:12.712Z,2.5119
2446C8A8C839,AP-E04-P4-E-05,2020-10-31T20:15:12.712Z,2.5119
2446C8A8C839,AP-E04-P4-A-19,2020-10-31T20:15:12.712Z,1.9953
2446C8A8C839,AP-E04-P4-A-19,2020-10-31T20:16:12.712Z,1.9953
2446C8A8C839,AP-TRI-O-04,2020-10-31T20:28:22.972Z,2.7123
2446C8A8C839,AP-E04-P4-E-05,2020-10-31T20:28:22.972Z,1.4678
2446C8A8C839,AP-E04-P4-A-19,2020-10-31T20:28:22.972Z,1.0798
2446C8A8C839,AP-E04-P4-E-05,2020-10-31T20:29:22.971Z,1.4678
2446C8A8C839,AP-TRI-O-04,2020-10-31T20:29:22.971Z,2.9286
2446C8A8C839,AP-E04-P4-A-19,2020-10-31T20:29:22.971Z,2.7123
2446C8A8C839,AP-E04-P4-A-19,2020-10-31T20:30:22.971Z,2.7123
2446C8A8C839,AP-TRI-O-04,2020-10-31T20:30:22.971Z,2.9286
2446C8A8C839,AP-TRI-O-04,2020-10-31T20:31:22.972Z,3.1623
2446C8A8C839,AP-E04-P4-A-19,2020-10-31T20:31:22.972Z,1.5849
2446C8A8C839,AP-TRI-O-04,2020-10-31T20:32:22.962Z,3.1623
2446C8A8C839,AP-TRI-O-04,2020-10-31T20:33:22.972Z,2.5119
2446C8A8C839,AP-TRI-O-04,2020-10-31T20:34:22.972Z,2.3263
2446C8A8C839,AP-TRI-O-04,2020-10-31T20:35:22.972Z,2.3263
2446C8A8C839,AP-TRI-O-04,2020-10-31T20:36:22.971Z,2.3263
2446C8A8C839,AP-TRI-O-04,2020-10-31T20:37:22.972Z,2.3263
2446C8A8C839,AP-TRI-O-04,2020-10-31T20:39:23.021Z,2.3263
2446C8A8C839,AP-TRI-O-04,2020-10-31T20:40:23.022Z,2.7123
2446C8A8C839,AP-TRI-O-04,2020-10-31T20:41:23.022Z,2.7123
2446C8A8C839,AP-TRI-O-04,2020-10-31T20:44:22.972Z,2.5119
2446C8A8C839,AP-TRI-O-04,2020-10-31T20:45:22.972Z,2.5119
2446C8A8C839,AP-TRI-O-04,2020-10-31T20:46:22.972Z,2.9286
2446C8A8C839,AP-TRI-O-04,2020-10-31T20:47:22.972Z,2.9286
2446C8A8C839,AP-TRI-O-04,2020-10-31T20:48:22.972Z,2.3263
2446C8A8C839,AP-TRI-O-04,2020-10-31T20:49:22.972Z,2.3263
2446C8A8C839,AP-E04-P4-A-19,2020-10-31T20:49:22.972Z,2.7123
2446C8A8C839,AP-TRI-O-04,2020-10-31T20:50:22.972Z,2.5119
2446C8A8C839,AP-E04-P4-A-19,2020-10-31T20:50:22.972Z,2.7123
2446C8A8C839,AP-TRI-O-04,2020-10-31T20:51:22.962Z,2.5119
2446C8A8C839,AP-TRI-O-04,2020-10-31T20:56:23.062Z,2.7123
2446C8A8C839,AP-TRI-O-04,2020-10-31T20:57:23.062Z,2.9286
2446C8A8C839,AP-TRI-O-04,2020-10-31T20:58:23.061Z,2.9286
2446C8A8C839,AP-TRI-O-04,2020-10-31T20:59:23.062Z,2.9286
2446C8A8C839,AP-TRI-O-04,2020-10-31T21:00:23.062Z,2.9286
2446C8A8C839,AP-TRI-O-04,2020-10-31T21:18:23.054Z,3.1623
2446C8A8C839,AP-TRI-O-04,2020-10-31T21:19:23.052Z,3.4145
2446C8A8C839,AP-TRI-O-04,2020-10-31T21:20:23.052Z,3.1623
2446C8A8C839,AP-TRI-O-04,2020-10-31T21:21:23.042Z,2.3263
2446C8A8C839,AP-TRI-O-04,2020-10-31T21:22:23.052Z,2.3263
2446C8A8C839,AP-TRJ-W-20,2020-10-31T21:22:23.052Z,2.5119
2446C8A8C839,AP-TRI-O-04,2020-10-31T21:23:23.052Z,2.9286
2446C8A8C839,AP-TRJ-W-20,2020-10-31T21:23:23.052Z,2.5119
2446C8A8C839,AP-TRJ-W-20,2020-10-31T21:24:23.042Z,2.9286
2446C8A8C839,AP-TRI-O-04,2020-10-31T21:24:23.042Z,2.7123
2446C8A8C839,AP-TRI-O-04,2020-10-31T21:25:23.043Z,2.9286
2446C8A8C839,AP-TRJ-W-20,2020-10-31T21:25:23.043Z,2.1544
2446C8A8C839,AP-E04-P4-A-19,2020-10-31T21:25:23.043Z,2.7123
2446C8A8C839,AP-TRI-O-04,2020-10-31T21:26:23.052Z,1.1659
2446C8A8C839,AP-E04-P4-A-19,2020-10-31T21:26:23.052Z,2.7123
2446C8A8C839,AP-TRJ-W-20,2020-10-31T21:26:23.052Z,2.1544
2446C8A8C839,AP-TRI-O-04,2020-10-31T21:27:23.052Z,3.1623
2446C8A8C839,AP-TRI-O-04,2020-10-31T21:28:23.051Z,2.9286
2446C8A8C839,AP-TRI-O-04,2020-10-31T21:29:23.052Z,2.9286
2446C8A8C839,AP-TRI-O-04,2020-10-31T21:30:23.052Z,2.9286
2446C8A8C839,AP-TRI-O-04,2020-10-31T21:31:23.052Z,2.5119
2446C8A8C839,AP-TRI-O-04,2020-10-31T21:32:23.052Z,2.1544
2446C8A8C839,AP-E04-P4-A-19,2020-10-31T21:32:23.052Z,2.3263
2446C8A8C839,AP-E04-P4-A-19,2020-10-31T21:33:23.052Z,2.3263
2446C8A8C839,AP-TRI-O-04,2020-10-31T21:33:23.052Z,2.5119
2446C8A8C839,AP-TRJ-W-20,2020-10-31T21:34:23.052Z,1.2589
2446C8A8C839,AP-TRI-O-04,2020-10-31T21:34:23.052Z,2.5119
2446C8A8C839,AP-TRI-O-04,2020-10-31T21:35:23.052Z,2.5119
2446C8A8C839,AP-E04-P4-A-19,2020-10-31T21:35:23.052Z,2.7123
2446C8A8C839,AP-TRJ-W-20,2020-10-31T21:35:23.052Z,1.2589
2446C8A8C839,AP-E04-P4-A-19,2020-10-31T21:36:23.053Z,2.7123
2446C8A8C839,AP-E04-P4-A-19,2020-10-31T21:39:22.982Z,2.5119
2446C8A8C839,AP-TRI-O-04,2020-10-31T21:39:22.982Z,3.1623
2446C8A8C839,AP-TRI-O-04,2020-10-31T21:40:22.982Z,2.1544
2446C8A8C839,AP-E04-P4-A-19,2020-10-31T21:40:22.982Z,2.5119
2446C8A8C839,AP-TRI-O-04,2020-10-31T21:41:22.971Z,1.8478
2446C8A8C839,AP-TRI-O-04,2020-10-31T21:42:22.982Z,1.8478
