58E6BA7C10E8,AP-TRJ-W-20,2020-10-31T18:29:12.822Z,1.5849
58E6BA7C10E8,AP-TRJ-W-20,2020-10-31T18:30:12.822Z,1.5849
58E6BA7C10E8,AP-TRI-O-04,2020-10-31T18:30:12.822Z,2.3263
58E6BA7C10E8,AP-TRI-O-16,2020-10-31T18:30:12.822Z,1.9953
58E6BA7C10E8,AP-E04-P4-A-19,2020-10-31T18:30:12.822Z,2.5119
58E6BA7C10E8,AP-TRI-O-16,2020-10-31T18:31:12.822Z,1.9953
58E6BA7C10E8,AP-TRI-O-04,2020-10-31T18:31:12.822Z,2.3263
58E6BA7C10E8,AP-E04-P4-A-19,2020-10-31T18:31:12.822Z,2.5119
58E6BA7C10E8,AP-E04-P4-A-19,2020-10-31T18:32:12.822Z,0.2929
58E6BA7C10E8,AP-E04-P4-E-05,2020-10-31T18:32:12.822Z,2.7123
58E6BA7C10E8,AP-E04-P4-E-05,2020-10-31T18:33:12.822Z,2.7123
58E6BA7C10E8,AP-E04-P4-A-19,2020-10-31T18:33:12.822Z,0.2929
58E6BA7C10E8,AP-E04-P4-E-05,2020-10-31T18:34:12.822Z,2.7123
58E6BA7C10E8,AP-E04-P4-A-19,2020-10-31T18:34:12.822Z,0.5843
58E6BA7C10E8,AP-E04-P4-A-19,2020-10-31T18:35:12.822Z,0.4299
58E6BA7C10E8,AP-E04-P4-E-05,2020-10-31T18:35:12.822Z,2.5119
58E6BA7C10E8,AP-E04-P4-A-19,2020-10-31T18:36:12.821Z,0.5843
58E6BA7C10E8,AP-E04-P4-E-05,2020-10-31T18:36:12.821Z,2.5119
58E6BA7C10E8,AP-E04-P4-A-19,2020-10-31T18:37:12.822Z,0.3415
58E6BA7C10E8,AP-E04-P4-A-19,2020-10-31T18:38:12.822Z,2.9286
58E6BA7C10E8,AP-E04-P4-A-19,2020-10-31T18:39:12.822Z,0.7356
58E6BA7C10E8,AP-E04-P4-A-19,2020-10-31T18:40:12.822Z,0.5012
58E6BA7C10E8,AP-E04-P4-E-05,2020-10-31T18:41:12.822Z,2.7123
58E6BA7C10E8,AP-E04-P4-A-19,2020-10-31T18:41:12.822Z,0.5012
58E6BA7C10E8,AP-E04-P4-A-19,2020-10-31T18:42:12.822Z,0.3981
58E6BA7C10E8,AP-E04-P4-E-05,2020-10-31T18:42:12.822Z,2.7123
58E6BA7C10E8,AP-E04-P4-A-19,2020-10-31T18:43:12.822Z,2.5119
58E6BA7C10E8,AP-E04-P4-E-05,2020-10-31T18:43:12.822Z,2.7123
58E6BA7C10E8,AP-E04-P4-A-19,2020-10-31T18:44:12.822Z,0.4299
58E6BA7C10E8,AP-E04-P4-A-19,2020-10-31T18:45:12.822Z,0.4299
58E6BA7C10E8,AP-E04-P4-A-19,2020-10-31T18:46:12.822Z,0.4299
58E6BA7C10E8,AP-E04-P4-E-05,2020-10-31T18:46:12.822Z,2.7123
58E6BA7C10E8,AP-TRI-O-04,2020-10-31T18:46:12.822Z,2.9286
58E6BA7C10E8,AP-TRI-O-04,2020-10-31T18:47:12.822Z,2.9286
58E6BA7C10E8,AP-E04-P4-E-05,2020-10-31T18:47:12.822Z,2.7123
58E6BA7C10E8,AP-E04-P4-A-19,2020-10-31T18:47:12.822Z,0.4299
58E6BA7C10E8,AP-E04-P4-E-05,2020-10-31T18:53:22.962Z,2.7123
58E6BA7C10E8,AP-E04-P4-A-19,2020-10-31T18:53:22.962Z,0.5412
58E6BA7C10E8,AP-TRI-O-04,2020-10-31T18:53:22.962Z,2.9286
58E6BA7C10E8,AP-E04-P4-E-05,2020-10-31T18:54:22.962Z,1.8478
58E6BA7C10E8,AP-E04-P4-A-19,2020-10-31T18:54:22.962Z,2.3263
58E6BA7C10E8,AP-E04-P4-A-19,2020-10-31T18:55:22.962Z,2.3263
58E6BA7C10E8,AP-E04-P4-E-05,2020-10-31T18:55:22.962Z,1.8478
58E6BA7C10E8,AP-E04-P4-A-19,2020-10-31T18:56:22.962Z,1.5849
58E6BA7C10E8,AP-TRJ-W-20,2020-10-31T18:57:22.962Z,2.5119
58E6BA7C10E8,AP-E04-P4-A-19,2020-10-31T18:57:22.962Z,0.5412
58E6BA7C10E8,AP-E04-P4-E-05,2020-10-31T18:57:22.962Z,1.4678
58E6BA7C10E8,AP-E04-P4-E-05,2020-10-31T18:58:22.962Z,1.4678
58E6BA7C10E8,AP-E04-P4-A-19,2020-10-31T18:58:22.962Z,0.3687
58E6BA7C10E8,AP-TRJ-W-20,2020-10-31T18:58:22.962Z,2.5119
58E6BA7C10E8,AP-E04-P4-E-05,2020-10-31T18:59:22.962Z,2.3263
58E6BA7C10E8,AP-E04-P4-A-19,2020-10-31T18:59:22.962Z,0.1995
58E6BA7C10E8,AP-E04-P4-E-05,2020-10-31T19:00:22.962Z,2.5119
58E6BA7C10E8,AP-E04-P4-A-19,2020-10-31T19:00:22.962Z,0.6813
58E6BA7C10E8,AP-E04-P4-A-19,2020-10-31T19:01:22.962Z,0.4642
58E6BA7C10E8,AP-E04-P4-E-05,2020-10-31T19:01:22.962Z,2.5119
58E6BA7C10E8,AP-E04-P4-E-05,2020-10-31T19:02:22.962Z,2.3263
58E6BA7C10E8,AP-E04-P4-A-19,2020-10-31T19:02:22.962Z,2.1544
58E6BA7C10E8,AP-E04-P4-A-19,2020-10-31T19:03:22.962Z,0.3415
58E6BA7C10E8,AP-E04-P4-E-05,2020-10-31T19:03:22.962Z,2.3263
58E6BA7C10E8,AP-E04-P4-E-05,2020-10-31T19:04:22.962Z,2.7123
58E6BA7C10E8,AP-E04-P4-A-19,2020-10-31T19:04:22.962Z,1.7113
58E6BA7C10E8,AP-E04-P4-A-19,2020-10-31T19:05:22.962Z,0.3415
58E6BA7C10E8,AP-E04-P4-E-05,2020-10-31T19:05:22.962Z,2.7123
58E6BA7C10E8,AP-E04-P4-E-05,2020-10-31T19:06:22.962Z,2.7123
58E6BA7C10E8,AP-E04-P4-A-19,2020-10-31T19:06:22.962Z,1.8478
58E6BA7C10E8,AP-E04-P4-E-05,2020-10-31T19:07:22.962Z,2.7123
58E6BA7C10E8,AP-E04-P4-A-19,2020-10-31T19:07:22.962Z,0.3687
58E6BA7C10E8,AP-E04-P4-A-19,2020-10-31T19:08:22.961Z,0.3981
58E6BA7C10E8,AP-E04-P4-E-05,2020-10-31T19:08:22.961Z,2.5119
58E6BA7C10E8,AP-E04-P4-E-05,2020-10-31T19:09:22.962Z,2.5119
58E6BA7C10E8,AP-E04-P4-A-19,2020-10-31T19:09:22.962Z,1.8478
58E6BA7C10E8,AP-E04-P4-A-19,2020-10-31T19:10:22.962Z,0.4299
58E6BA7C10E8,AP-E04-P4-A-19,2020-10-31T19:11:22.962Z,0.3687
58E6BA7C10E8,AP-E04-P4-A-19,2020-10-31T19:12:22.962Z,0.3981
58E6BA7C10E8,AP-E04-P4-A-19,2020-10-31T19:13:22.962Z,0.4299
58E6BA7C10E8,AP-E04-P4-A-19,2020-10-31T19:14:22.962Z,0.4642
58E6BA7C10E8,AP-E04-P4-A-19,2020-10-31T19:15:22.961Z,0.4299
58E6BA7C10E8,AP-E04-P4-E-05,2020-10-31T19:15:22.961Z,2.7123
58E6BA7C10E8,AP-E04-P4-E-05,2020-10-31T19:16:22.962Z,2.5119
58E6BA7C10E8,AP-E04-P4-A-19,2020-10-31T19:16:22.962Z,1.4678
58E6BA7C10E8,AP-E04-P4-A-19,2020-10-31T19:17:22.962Z,0.4299
58E6BA7C10E8,AP-E04-P4-E-05,2020-10-31T19:17:22.962Z,1.9953
58E6BA7C10E8,AP-TRJ-W-20,2020-10-31T19:17:22.962Z,2.5119
58E6BA7C10E8,AP-TRJ-W-20,2020-10-31T19:18:22.962Z,2.5119
58E6BA7C10E8,AP-E04-P4-E-05,2020-10-31T19:18:22.962Z,1.9953
58E6BA7C10E8,AP-E04-P4-A-19,2020-10-31T19:18:22.962Z,0.2326
58E6BA7C10E8,AP-E04-P4-A-19,2020-10-31T19:19:22.962Z,0.1995
58E6BA7C10E8,AP-E04-P4-A-19,2020-10-31T19:20:22.962Z,0.2326
58E6BA7C10E8,AP-TRJ-W-20,2020-10-31T19:21:22.962Z,2.7123
58E6BA7C10E8,AP-E04-P4-A-19,2020-10-31T19:21:22.962Z,0.2326
58E6BA7C10E8,AP-E04-P4-E-05,2020-10-31T19:21:22.962Z,1.9953
58E6BA7C10E8,AP-E04-P4-E-05,2020-10-31T19:22:22.962Z,1.9953
58E6BA7C10E8,AP-TRJ-W-20,2020-10-31T19:22:22.962Z,2.7123
58E6BA7C10E8,AP-E04-P4-A-19,2020-10-31T19:22:22.962Z,0.1711
58E6BA7C10E8,AP-TRJ-W-20,2020-10-31T19:23:22.961Z,2.3263
58E6BA7C10E8,AP-E04-P4-E-05,2020-10-31T19:23:22.961Z,1.8478
58E6BA7C10E8,AP-E04-P4-A-19,2020-10-31T19:23:22.961Z,0.2326
58E6BA7C10E8,AP-E04-P4-A-19,2020-10-31T19:24:22.962Z,0.2326
58E6BA7C10E8,AP-TRJ-W-20,2020-10-31T19:24:22.962Z,2.3263
58E6BA7C10E8,AP-E04-P4-E-05,2020-10-31T19:24:22.962Z,1.9953
58E6BA7C10E8,AP-E04-P4-A-19,2020-10-31T19:25:22.962Z,0.2326
58E6BA7C10E8,AP-E04-P4-E-05,2020-10-31T19:25:22.962Z,2.1544
58E6BA7C10E8,AP-TRJ-W-20,2020-10-31T19:25:22.962Z,2.9286
58E6BA7C10E8,AP-TRJ-W-20,2020-10-31T19:26:22.962Z,2.9286
58E6BA7C10E8,AP-E04-P4-E-05,2020-10-31T19:26:22.962Z,1.8478
58E6BA7C10E8,AP-E04-P4-A-19,2020-10-31T19:26:22.962Z,0.2326
58E6BA7C10E8,AP-E04-P4-A-19,2020-10-31T19:27:22.962Z,0.2154
58E6BA7C10E8,AP-E04-P4-E-05,2020-10-31T19:27:22.962Z,1.8478
58E6BA7C10E8,AP-TRJ-W-20,2020-10-31T19:27:22.962Z,2.9286
58E6BA7C10E8,AP-TRJ-W-20,2020-10-31T19:28:22.962Z,2.9286
58E6BA7C10E8,AP-E04-P4-A-19,2020-10-31T19:28:22.962Z,0.2326
58E6BA7C10E8,AP-E04-P4-E-05,2020-10-31T19:28:22.962Z,1.8478
58E6BA7C10E8,AP-E04-P4-E-05,2020-10-31T19:29:22.962Z,1.8478
58E6BA7C10E8,AP-E04-P4-A-19,2020-10-31T19:29:22.962Z,0.2326
58E6BA7C10E8,AP-E04-P4-A-19,2020-10-31T19:30:22.962Z,0.3981
58E6BA7C10E8,AP-E04-P4-E-05,2020-10-31T19:30:22.962Z,1.8478
58E6BA7C10E8,AP-E04-P4-A-19,2020-10-31T19:31:22.962Z,0.2326
58E6BA7C10E8,AP-E04-P4-A-19,2020-10-31T19:32:22.962Z,0.3981
58E6BA7C10E8,AP-E04-P4-A-19,2020-10-31T19:33:22.962Z,0.1995
58E6BA7C10E8,AP-E04-P4-E-05,2020-10-31T19:34:22.962Z,1.8478
58E6BA7C10E8,AP-E04-P4-A-19,2020-10-31T19:34:22.962Z,0.1166
58E6BA7C10E8,AP-E04-P4-A-19,2020-10-31T19:35:22.962Z,0.3687
58E6BA7C10E8,AP-E04-P4-E-05,2020-10-31T19:35:22.962Z,1.8478
58E6BA7C10E8,AP-E04-P4-A-19,2020-10-31T19:36:22.962Z,0.1166
58E6BA7C10E8,AP-E04-P4-A-19,2020-10-31T19:37:22.962Z,0.108
58E6BA7C10E8,AP-E04-P4-A-19,2020-10-31T19:38:22.962Z,0.1166
58E6BA7C10E8,AP-E04-P4-A-19,2020-10-31T19:39:22.962Z,0.1166
58E6BA7C10E8,AP-E04-P4-E-05,2020-10-31T19:39:22.962Z,1.8478
58E6BA7C10E8,AP-E04-P4-E-05,2020-10-31T19:40:22.962Z,1.8478
58E6BA7C10E8,AP-E04-P4-A-19,2020-10-31T19:40:22.962Z,0.5012
58E6BA7C10E8,AP-E04-P4-A-19,2020-10-31T19:41:22.952Z,0.1166
58E6BA7C10E8,AP-E04-P4-A-19,2020-10-31T19:42:22.962Z,0.108
58E6BA7C10E8,AP-E04-P4-A-19,2020-10-31T19:43:22.961Z,0.1166
58E6BA7C10E8,AP-E04-P4-A-19,2020-10-31T19:44:22.962Z,0.1166
58E6BA7C10E8,AP-E04-P4-A-19,2020-10-31T19:45:22.962Z,0.108
58E6BA7C10E8,AP-E04-P4-A-19,2020-10-31T19:46:22.961Z,0.1166
58E6BA7C10E8,AP-E04-P4-A-19,2020-10-31T19:47:22.962Z,0.108
58E6BA7C10E8,AP-E04-P4-A-19,2020-10-31T19:48:22.962Z,0.108
58E6BA7C10E8,AP-E04-P4-A-19,2020-10-31T19:49:22.962Z,0.108
58E6BA7C10E8,AP-E04-P4-A-19,2020-10-31T19:50:22.962Z,0.1
58E6BA7C10E8,AP-E04-P4-A-19,2020-10-31T19:51:22.962Z,0.3415
58E6BA7C10E8,AP-E04-P4-E-05,2020-10-31T19:51:22.962Z,2.1544
58E6BA7C10E8,AP-E04-P4-A-19,2020-10-31T19:52:22.961Z,0.4299
58E6BA7C10E8,AP-E04-P4-E-05,2020-10-31T19:52:22.961Z,2.1544
58E6BA7C10E8,AP-E04-P4-A-19,2020-10-31T19:53:22.962Z,0.1711
58E6BA7C10E8,AP-E04-P4-A-19,2020-10-31T19:54:22.962Z,0.3981
58E6BA7C10E8,AP-E04-P4-A-19,2020-10-31T19:55:22.962Z,2.9286
58E6BA7C10E8,AP-E04-P4-A-19,2020-10-31T19:56:22.962Z,0.3981
58E6BA7C10E8,AP-E04-P4-A-19,2020-10-31T19:57:22.962Z,1.1659
58E6BA7C10E8,AP-E04-P4-A-19,2020-10-31T19:58:22.962Z,0.6813
58E6BA7C10E8,AP-E04-P4-A-19,2020-10-31T19:59:22.962Z,0.6813
58E6BA7C10E8,AP-E04-P4-A-19,2020-10-31T20:06:26.462Z,0.3981
58E6BA7C10E8,AP-E04-P4-A-19,2020-10-31T20:07:26.462Z,0.2712
58E6BA7C10E8,AP-E04-P4-E-05,2020-10-31T20:07:26.462Z,1.7113
58E6BA7C10E8,AP-E04-P4-A-19,2020-10-31T20:08:26.462Z,0.3162
58E6BA7C10E8,AP-E04-P4-E-05,2020-10-31T20:08:26.462Z,1.7113
58E6BA7C10E8,AP-E04-P4-A-19,2020-10-31T20:09:26.462Z,0.5012
58E6BA7C10E8,AP-E04-P4-A-19,2020-10-31T20:10:26.461Z,1.9953
58E6BA7C10E8,AP-E04-P4-A-19,2020-10-31T20:11:26.462Z,1.9953
58E6BA7C10E8,AP-E04-P4-A-19,2020-10-31T20:12:26.462Z,1.7113
58E6BA7C10E8,AP-E04-P4-A-19,2020-10-31T20:13:26.462Z,1.7113
58E6BA7C10E8,AP-E04-P4-A-19,2020-10-31T20:14:26.462Z,0.7356
58E6BA7C10E8,AP-E04-P4-A-19,2020-10-31T20:15:26.461Z,2.9286
58E6BA7C10E8,AP-E04-P4-A-19,2020-10-31T20:16:26.461Z,0.7356
58E6BA7C10E8,AP-E04-P4-A-19,2020-10-31T20:17:26.462Z,0.7356
58E6BA7C10E8,AP-E04-P4-A-19,2020-10-31T20:18:26.461Z,3.1623
58E6BA7C10E8,AP-E04-P4-A-19,2020-10-31T20:21:26.112Z,0.7356
58E6BA7C10E8,AP-E04-P4-A-19,2020-10-31T20:22:26.112Z,2.9286
58E6BA7C10E8,AP-E04-P4-A-19,2020-10-31T20:23:26.112Z,0.6813
58E6BA7C10E8,AP-E04-P4-A-19,2020-10-31T20:24:26.112Z,2.7123
58E6BA7C10E8,AP-E04-P4-A-19,2020-10-31T20:27:26.042Z,0.5012
58E6BA7C10E8,AP-TRI-O-04,2020-10-31T20:31:23.032Z,2.9286
58E6BA7C10E8,AP-TRI-O-04,2020-10-31T20:48:23.072Z,3.1623
58E6BA7C10E8,AP-TRI-O-04,2020-10-31T21:25:22.992Z,2.9286
58E6BA7C10E8,AP-TRI-O-04,2020-10-31T21:26:22.992Z,2.5119
58E6BA7C10E8,AP-TRI-O-04,2020-10-31T21:27:22.992Z,2.7123
58E6BA7C10E8,AP-TRI-O-04,2020-10-31T21:28:22.992Z,2.7123
58E6BA7C10E8,AP-TRI-O-04,2020-10-31T21:33:22.932Z,2.7123
58E6BA7C10E8,AP-TRI-O-04,2020-10-31T21:37:22.992Z,2.7123
58E6BA7C10E8,AP-TRI-O-04,2020-10-31T21:40:23.112Z,3.1623
58E6BA7C10E8,AP-TRI-O-04,2020-10-31T21:41:23.112Z,3.1623
58E6BA7C10E8,AP-TRI-O-04,2020-10-31T18:32:22.791Z,2.7123
58E6BA7C10E8,AP-E04-P4-E-05,2020-10-31T18:32:22.791Z,2.9286
58E6BA7C10E8,AP-E04-P4-A-19,2020-10-31T18:32:22.791Z,0.3415
58E6BA7C10E8,AP-E04-P4-E-05,2020-10-31T18:33:22.792Z,2.9286
58E6BA7C10E8,AP-E04-P4-A-19,2020-10-31T18:33:22.792Z,0.3415
58E6BA7C10E8,AP-E04-P4-A-19,2020-10-31T18:35:25.972Z,0.3415
58E6BA7C10E8,AP-E04-P4-E-05,2020-10-31T18:35:25.972Z,2.5119
58E6BA7C10E8,AP-E04-P4-A-19,2020-10-31T18:36:25.982Z,0.4642
58E6BA7C10E8,AP-E04-P4-E-05,2020-10-31T18:36:25.982Z,2.5119
58E6BA7C10E8,AP-E04-P4-A-19,2020-10-31T18:37:25.982Z,0.4642
58E6BA7C10E8,AP-E04-P4-A-19,2020-10-31T18:38:25.982Z,0.4642
58E6BA7C10E8,AP-TRI-O-04,2020-10-31T18:39:25.982Z,2.9286
58E6BA7C10E8,AP-E04-P4-A-19,2020-10-31T18:39:25.982Z,0.4299
58E6BA7C10E8,AP-E04-P4-E-05,2020-10-31T18:39:25.982Z,2.5119
58E6BA7C10E8,AP-E04-P4-A-19,2020-10-31T18:40:25.982Z,0.4299
58E6BA7C10E8,AP-E04-P4-E-05,2020-10-31T18:40:25.982Z,2.5119
58E6BA7C10E8,AP-TRI-O-04,2020-10-31T18:40:25.982Z,2.9286
58E6BA7C10E8,AP-E04-P4-E-05,2020-10-31T18:41:25.981Z,2.5119
58E6BA7C10E8,AP-E04-P4-E-05,2020-10-31T18:44:26.072Z,2.3263
58E6BA7C10E8,AP-E04-P4-A-19,2020-10-31T18:44:26.072Z,0.2712
58E6BA7C10E8,AP-TRI-O-04,2020-10-31T18:44:26.072Z,2.9286
58E6BA7C10E8,AP-TRI-O-04,2020-10-31T18:45:26.072Z,2.7123
58E6BA7C10E8,AP-E04-P4-E-05,2020-10-31T18:45:26.072Z,2.3263
58E6BA7C10E8,AP-E04-P4-A-19,2020-10-31T18:45:26.072Z,0.3415
58E6BA7C10E8,AP-TRI-O-04,2020-10-31T18:46:26.072Z,2.9286
58E6BA7C10E8,AP-E04-P4-A-19,2020-10-31T18:46:26.072Z,0.3162
58E6BA7C10E8,AP-E04-P4-E-05,2020-10-31T18:46:26.072Z,2.5119
58E6BA7C10E8,AP-E04-P4-A-19,2020-10-31T18:47:26.072Z,0.3162
58E6BA7C10E8,AP-E04-P4-E-05,2020-10-31T18:47:26.072Z,2.5119
58E6BA7C10E8,AP-TRI-O-04,2020-10-31T18:47:26.072Z,2.9286
58E6BA7C10E8,AP-E04-P4-A-19,2020-10-31T18:48:26.072Z,0.2929
58E6BA7C10E8,AP-TRI-O-04,2020-10-31T18:48:26.072Z,3.1623
58E6BA7C10E8,AP-E04-P4-A-19,2020-10-31T18:49:26.072Z,0.2929
58E6BA7C10E8,AP-TRI-O-04,2020-10-31T18:49:26.072Z,3.1623
58E6BA7C10E8,AP-E04-P4-A-19,2020-10-31T18:52:25.992Z,0.2929
58E6BA7C10E8,AP-E04-P4-A-19,2020-10-31T18:53:25.992Z,0.2929
58E6BA7C10E8,AP-E04-P4-E-05,2020-10-31T18:53:25.992Z,2.1544
58E6BA7C10E8,AP-E04-P4-A-19,2020-10-31T18:54:25.992Z,1.4678
58E6BA7C10E8,AP-E04-P4-E-05,2020-10-31T18:54:25.992Z,2.1544
58E6BA7C10E8,AP-E04-P4-A-19,2020-10-31T18:55:25.991Z,1.2589
58E6BA7C10E8,AP-E04-P4-A-19,2020-10-31T18:56:25.992Z,0.2712
58E6BA7C10E8,AP-E04-P4-A-19,2020-10-31T18:57:25.992Z,0.2712
58E6BA7C10E8,AP-E04-P4-A-19,2020-10-31T18:58:25.992Z,0.1711
58E6BA7C10E8,AP-E04-P4-E-05,2020-10-31T18:58:25.992Z,2.9286
58E6BA7C10E8,AP-E04-P4-A-19,2020-10-31T18:59:25.992Z,0.1711
58E6BA7C10E8,AP-E04-P4-E-05,2020-10-31T18:59:25.992Z,2.3263
58E6BA7C10E8,AP-E04-P4-E-05,2020-10-31T19:00:25.992Z,2.3263
58E6BA7C10E8,AP-E04-P4-A-19,2020-10-31T19:00:25.992Z,0.1711
58E6BA7C10E8,AP-E04-P4-A-19,2020-10-31T19:01:25.991Z,0.3415
58E6BA7C10E8,AP-E04-P4-A-19,2020-10-31T19:02:25.992Z,0.2929
58E6BA7C10E8,AP-E04-P4-A-19,2020-10-31T19:03:25.992Z,0.2929
58E6BA7C10E8,AP-E04-P4-A-19,2020-10-31T19:04:25.992Z,0.2929
58E6BA7C10E8,AP-E04-P4-A-19,2020-10-31T19:05:25.992Z,0.2929
58E6BA7C10E8,AP-E04-P4-A-19,2020-10-31T19:14:26.012Z,1.9953
58E6BA7C10E8,AP-E04-P4-E-05,2020-10-31T19:21:44.582Z,2.5119
58E6BA7C10E8,AP-E04-P4-A-19,2020-10-31T19:21:44.582Z,0.3687
58E6BA7C10E8,AP-E04-P4-A-19,2020-10-31T19:22:44.582Z,0.2512
58E6BA7C10E8,AP-E04-P4-E-05,2020-10-31T19:23:44.582Z,2.9286
58E6BA7C10E8,AP-E04-P4-A-19,2020-10-31T19:23:44.582Z,0.2712
58E6BA7C10E8,AP-E04-P4-E-05,2020-10-31T19:24:44.582Z,2.9286
58E6BA7C10E8,AP-E04-P4-A-19,2020-10-31T19:24:44.582Z,0.2929
58E6BA7C10E8,AP-E04-P4-A-19,2020-10-31T19:25:44.582Z,0.2512
58E6BA7C10E8,AP-E04-P4-A-19,2020-10-31T19:26:44.582Z,0.2712
58E6BA7C10E8,AP-E04-P4-A-19,2020-10-31T19:27:44.582Z,0.3415
58E6BA7C10E8,AP-E04-P4-A-19,2020-10-31T19:28:44.582Z,0.3415
58E6BA7C10E8,AP-E04-P4-A-19,2020-10-31T19:29:44.582Z,0.2712
58E6BA7C10E8,AP-E04-P4-A-19,2020-10-31T19:30:44.582Z,0.2712
58E6BA7C10E8,AP-E04-P4-A-19,2020-10-31T19:31:44.582Z,0.2712
58E6BA7C10E8,AP-E04-P4-A-19,2020-10-31T19:32:44.582Z,0.3415
58E6BA7C10E8,AP-E04-P4-A-19,2020-10-31T19:33:44.582Z,0.2712
58E6BA7C10E8,AP-E04-P4-A-19,2020-10-31T19:34:44.582Z,0.2326
58E6BA7C10E8,AP-E04-P4-A-19,2020-10-31T19:35:44.582Z,0.2929
58E6BA7C10E8,AP-E04-P4-A-19,2020-10-31T19:36:44.582Z,0.2512
58E6BA7C10E8,AP-E04-P4-A-19,2020-10-31T19:37:44.582Z,0.2512
58E6BA7C10E8,AP-E04-P4-A-19,2020-10-31T19:38:44.582Z,0.2512
58E6BA7C10E8,AP-E04-P4-A-19,2020-10-31T19:39:44.582Z,0.2712
58E6BA7C10E8,AP-E04-P4-A-19,2020-10-31T19:40:44.582Z,0.2929
58E6BA7C10E8,AP-E04-P4-A-19,2020-10-31T19:41:44.582Z,0.2712
58E6BA7C10E8,AP-E04-P4-A-19,2020-10-31T19:42:44.582Z,0.2512
58E6BA7C10E8,AP-E04-P4-A-19,2020-10-31T19:43:44.582Z,0.2512
58E6BA7C10E8,AP-E04-P4-A-19,2020-10-31T19:44:44.582Z,0.2326
58E6BA7C10E8,AP-E04-P4-A-19,2020-10-31T19:45:44.582Z,0.2512
58E6BA7C10E8,AP-E04-P4-A-19,2020-10-31T19:46:44.582Z,0.2512
58E6BA7C10E8,AP-E04-P4-A-19,2020-10-31T19:47:44.582Z,0.2512
58E6BA7C10E8,AP-E04-P4-A-19,2020-10-31T19:48:44.582Z,0.3687
58E6BA7C10E8,AP-E04-P4-A-19,2020-10-31T19:49:44.582Z,0.3981
58E6BA7C10E8,AP-E04-P4-A-19,2020-10-31T19:50:44.582Z,0.3162
58E6BA7C10E8,AP-E04-P4-A-19,2020-10-31T19:51:44.582Z,0.1585
58E6BA7C10E8,AP-E04-P4-E-05,2020-10-31T19:51:44.582Z,1.9953
58E6BA7C10E8,AP-E04-P4-A-19,2020-10-31T19:52:44.582Z,0.4299
58E6BA7C10E8,AP-E04-P4-E-05,2020-10-31T19:52:44.582Z,1.9953
58E6BA7C10E8,AP-E04-P4-A-19,2020-10-31T19:53:44.582Z,0.1711
58E6BA7C10E8,AP-E04-P4-E-05,2020-10-31T19:53:44.582Z,1.9953
58E6BA7C10E8,AP-E04-P4-A-19,2020-10-31T19:54:44.582Z,1.5849
58E6BA7C10E8,AP-E04-P4-E-05,2020-10-31T19:54:44.582Z,1.9953
58E6BA7C10E8,AP-E04-P4-A-19,2020-10-31T19:55:44.582Z,0.3981
58E6BA7C10E8,AP-E04-P4-E-05,2020-10-31T19:55:44.582Z,1.9953
58E6BA7C10E8,AP-E04-P4-E-05,2020-10-31T19:56:44.582Z,2.1544
58E6BA7C10E8,AP-E04-P4-A-19,2020-10-31T19:56:44.582Z,1.0
58E6BA7C10E8,AP-E04-P4-A-19,2020-10-31T19:57:44.582Z,0.1468
58E6BA7C10E8,AP-E04-P4-E-05,2020-10-31T19:57:44.582Z,2.5119
58E6BA7C10E8,AP-E04-P4-A-19,2020-10-31T19:58:44.582Z,2.7123
58E6BA7C10E8,AP-E04-P4-E-05,2020-10-31T19:58:44.582Z,2.5119
58E6BA7C10E8,AP-E04-P4-A-19,2020-10-31T19:59:44.582Z,2.7123
58E6BA7C10E8,AP-E04-P4-A-19,2020-10-31T20:00:44.582Z,0.3162
58E6BA7C10E8,AP-E04-P4-E-05,2020-10-31T20:00:44.582Z,2.5119
58E6BA7C10E8,AP-E04-P4-A-19,2020-10-31T20:01:44.582Z,0.7356
58E6BA7C10E8,AP-E04-P4-E-05,2020-10-31T20:01:44.582Z,2.5119
58E6BA7C10E8,AP-E04-P4-A-19,2020-10-31T20:02:44.582Z,0.7356
58E6BA7C10E8,AP-E04-P4-A-19,2020-10-31T20:03:44.582Z,0.6813
58E6BA7C10E8,AP-E04-P4-A-19,2020-10-31T20:04:44.582Z,0.7356
58E6BA7C10E8,AP-E04-P4-A-19,2020-10-31T20:05:44.582Z,0.3162
58E6BA7C10E8,AP-E04-P4-A-19,2020-10-31T20:06:44.582Z,0.1848
58E6BA7C10E8,AP-E04-P4-E-05,2020-10-31T20:07:44.582Z,1.2589
58E6BA7C10E8,AP-E04-P4-A-19,2020-10-31T20:07:44.582Z,0.2512
58E6BA7C10E8,AP-E04-P4-E-05,2020-10-31T20:08:44.582Z,1.2589
58E6BA7C10E8,AP-E04-P4-A-19,2020-10-31T20:08:44.582Z,0.7356
58E6BA7C10E8,AP-E04-P4-E-05,2020-10-31T20:09:44.582Z,2.5119
58E6BA7C10E8,AP-E04-P4-A-19,2020-10-31T20:09:44.582Z,1.7113
58E6BA7C10E8,AP-E04-P4-E-05,2020-10-31T20:10:44.582Z,2.5119
58E6BA7C10E8,AP-E04-P4-A-19,2020-10-31T20:10:44.582Z,1.7113
58E6BA7C10E8,AP-E04-P4-A-19,2020-10-31T20:13:44.602Z,0.631
58E6BA7C10E8,AP-E04-P4-E-05,2020-10-31T20:13:44.602Z,1.8478
58E6BA7C10E8,AP-E04-P4-A-19,2020-10-31T20:14:44.602Z,0.7356
58E6BA7C10E8,AP-E04-P4-A-19,2020-10-31T20:15:44.602Z,0.4642
58E6BA7C10E8,AP-E04-P4-A-19,2020-10-31T20:16:44.602Z,1.4678
58E6BA7C10E8,AP-E04-P4-A-19,2020-10-31T20:17:44.602Z,0.4642
58E6BA7C10E8,AP-E04-P4-A-19,2020-10-31T20:18:44.602Z,0.4642
58E6BA7C10E8,AP-E04-P4-A-19,2020-10-31T20:24:25.992Z,0.631
58E6BA7C10E8,AP-E04-P4-A-19,2020-10-31T20:25:25.992Z,0.631
58E6BA7C10E8,AP-E04-P4-A-19,2020-10-31T20:26:25.992Z,0.5412
58E6BA7C10E8,AP-E04-P4-A-19,2020-10-31T20:27:25.991Z,0.4642
58E6BA7C10E8,AP-E04-P4-A-19,2020-10-31T20:28:25.991Z,0.4642
58E6BA7C10E8,AP-E04-P4-A-19,2020-10-31T20:29:25.991Z,1.4678
58E6BA7C10E8,AP-E04-P4-A-19,2020-10-31T20:30:25.992Z,1.4678
58E6BA7C10E8,AP-TRI-O-04,2020-10-31T21:22:23.052Z,2.9286
58E6BA7C10E8,AP-TRI-O-04,2020-10-31T21:24:23.062Z,2.3263
58E6BA7C10E8,AP-TRI-O-16,2020-10-31T21:24:23.062Z,2.5119
58E6BA7C10E8,AP-TRI-O-16,2020-10-31T21:25:23.052Z,2.5119
58E6BA7C10E8,AP-TRI-O-04,2020-10-31T21:25:23.052Z,2.1544
58E6BA7C10E8,AP-TRI-O-04,2020-10-31T21:26:23.062Z,1.9953
58E6BA7C10E8,AP-TRI-O-04,2020-10-31T21:27:23.062Z,1.9953
58E6BA7C10E8,AP-TRI-O-16,2020-10-31T21:27:23.062Z,2.9286
58E6BA7C10E8,AP-TRI-O-16,2020-10-31T21:28:23.061Z,2.9286
58E6BA7C10E8,AP-TRI-O-04,2020-10-31T21:35:22.992Z,2.3263
58E6BA7C10E8,AP-E04-P4-A-19,2020-10-31T21:35:22.992Z,2.5119
58E6BA7C10E8,AP-E04-P4-A-19,2020-10-31T21:36:22.992Z,2.5119
58E6BA7C10E8,AP-TRI-O-04,2020-10-31T21:36:22.992Z,2.3263
58E6BA7C10E8,AP-TRI-O-04,2020-10-31T21:39:22.982Z,2.7123
58E6BA7C10E8,AP-TRI-O-16,2020-10-31T21:39:22.982Z,2.7123
58E6BA7C10E8,AP-TRI-O-16,2020-10-31T21:40:22.982Z,2.7123
58E6BA7C10E8,AP-E04-P4-E-05,2020-10-31T18:36:19.585Z,2.3263
58E6BA7C10E8,AP-E04-P4-E-05,2020-10-31T18:37:19.585Z,2.3263
58E6BA7C10E8,AP-E04-P4-A-19,2020-10-31T18:45:55.985Z,1.2589
58E6BA7C10E8,AP-E04-P4-A-19,2020-10-31T18:46:55.985Z,1.2589
58E6BA7C10E8,AP-TRJ-W-20,2020-10-31T18:56:51.005Z,2.9286
58E6BA7C10E8,AP-E04-P4-E-05,2020-10-31T18:56:51.005Z,2.7123
58E6BA7C10E8,AP-E04-P4-A-19,2020-10-31T18:56:51.005Z,0.631
58E6BA7C10E8,AP-E04-P4-E-05,2020-10-31T18:57:51.005Z,2.7123
58E6BA7C10E8,AP-E04-P4-A-19,2020-10-31T18:57:51.005Z,0.3162
58E6BA7C10E8,AP-TRJ-W-20,2020-10-31T18:57:51.005Z,2.9286
58E6BA7C10E8,AP-E04-P4-A-19,2020-10-31T18:58:51.005Z,0.2712
58E6BA7C10E8,AP-TRJ-W-20,2020-10-31T18:58:51.005Z,2.9286
58E6BA7C10E8,AP-E04-P4-A-19,2020-10-31T18:59:51.005Z,0.3415
58E6BA7C10E8,AP-E04-P4-A-19,2020-10-31T19:00:51.005Z,0.3415
58E6BA7C10E8,AP-E04-P4-A-19,2020-10-31T19:01:51.005Z,0.3415
58E6BA7C10E8,AP-E04-P4-A-19,2020-10-31T19:05:25.915Z,0.7356
58E6BA7C10E8,AP-E04-P4-A-19,2020-10-31T19:13:26.045Z,1.3594
58E6BA7C10E8,AP-E04-P4-E-05,2020-10-31T19:15:44.475Z,2.7123
58E6BA7C10E8,AP-E04-P4-A-19,2020-10-31T19:18:44.535Z,0.2929
58E6BA7C10E8,AP-E04-P4-E-05,2020-10-31T19:18:44.535Z,1.2589
58E6BA7C10E8,AP-E04-P4-A-19,2020-10-31T19:19:44.535Z,0.2929
58E6BA7C10E8,AP-E04-P4-E-05,2020-10-31T19:19:44.535Z,2.7123
58E6BA7C10E8,AP-E04-P4-A-19,2020-10-31T19:20:44.535Z,0.1848
58E6BA7C10E8,AP-E04-P4-E-05,2020-10-31T19:20:44.535Z,2.7123
58E6BA7C10E8,AP-E04-P4-A-19,2020-10-31T19:21:44.536Z,0.5012
58E6BA7C10E8,AP-E04-P4-E-05,2020-10-31T19:21:44.536Z,1.8478
58E6BA7C10E8,AP-E04-P4-A-19,2020-10-31T19:22:44.535Z,0.5412
58E6BA7C10E8,AP-E04-P4-E-05,2020-10-31T19:22:44.535Z,2.7123
58E6BA7C10E8,AP-E04-P4-A-19,2020-10-31T19:23:44.535Z,0.5412
58E6BA7C10E8,AP-E04-P4-E-05,2020-10-31T19:23:44.535Z,2.7123
58E6BA7C10E8,AP-E04-P4-A-19,2020-10-31T19:24:44.535Z,0.2512
58E6BA7C10E8,AP-E04-P4-A-19,2020-10-31T19:25:44.535Z,0.4642
58E6BA7C10E8,AP-TRJ-W-20,2020-10-31T19:25:44.535Z,2.9286
58E6BA7C10E8,AP-E04-P4-E-05,2020-10-31T19:25:44.535Z,2.7123
58E6BA7C10E8,AP-E04-P4-A-19,2020-10-31T19:26:44.535Z,0.5412
58E6BA7C10E8,AP-TRJ-W-20,2020-10-31T19:26:44.535Z,2.9286
58E6BA7C10E8,AP-E04-P4-E-05,2020-10-31T19:26:44.535Z,2.7123
58E6BA7C10E8,AP-E04-P4-A-19,2020-10-31T19:27:44.535Z,0.4299
58E6BA7C10E8,AP-E04-P4-E-05,2020-10-31T19:28:44.536Z,1.8478
58E6BA7C10E8,AP-E04-P4-A-19,2020-10-31T19:28:44.536Z,0.5412
58E6BA7C10E8,AP-E04-P4-A-19,2020-10-31T19:29:44.535Z,0.5412
58E6BA7C10E8,AP-E04-P4-E-05,2020-10-31T19:29:44.535Z,1.8478
58E6BA7C10E8,AP-E04-P4-A-19,2020-10-31T19:32:26.005Z,0.5012
58E6BA7C10E8,AP-E04-P4-E-05,2020-10-31T19:32:26.005Z,1.7113
58E6BA7C10E8,AP-E04-P4-A-19,2020-10-31T19:33:26.005Z,0.4642
58E6BA7C10E8,AP-E04-P4-E-05,2020-10-31T19:33:26.005Z,2.9286
58E6BA7C10E8,AP-E04-P4-A-19,2020-10-31T19:34:26.005Z,0.2326
58E6BA7C10E8,AP-E04-P4-E-05,2020-10-31T19:34:26.005Z,2.7123
58E6BA7C10E8,AP-E04-P4-A-19,2020-10-31T19:35:26.005Z,0.2512
58E6BA7C10E8,AP-E04-P4-E-05,2020-10-31T19:35:26.005Z,2.7123
58E6BA7C10E8,AP-E04-P4-A-19,2020-10-31T19:36:26.005Z,0.2512
58E6BA7C10E8,AP-E04-P4-A-19,2020-10-31T19:37:26.005Z,0.2326
58E6BA7C10E8,AP-E04-P4-A-19,2020-10-31T19:38:26.005Z,0.2326
58E6BA7C10E8,AP-E04-P4-A-19,2020-10-31T19:39:26.005Z,0.2326
58E6BA7C10E8,AP-E04-P4-A-19,2020-10-31T19:40:26.005Z,0.3162
58E6BA7C10E8,AP-E04-P4-A-19,2020-10-31T19:41:26.005Z,0.3162
58E6BA7C10E8,AP-E04-P4-A-19,2020-10-31T19:42:26.005Z,0.3162
58E6BA7C10E8,AP-E04-P4-A-19,2020-10-31T19:43:26.005Z,0.3162
58E6BA7C10E8,AP-E04-P4-A-19,2020-10-31T19:44:26.005Z,0.2929
58E6BA7C10E8,AP-E04-P4-A-19,2020-10-31T19:45:26.005Z,0.3415
58E6BA7C10E8,AP-E04-P4-E-05,2020-10-31T19:45:26.005Z,2.7123
58E6BA7C10E8,AP-E04-P4-A-19,2020-10-31T19:46:26.005Z,0.3415
58E6BA7C10E8,AP-E04-P4-E-05,2020-10-31T19:46:26.005Z,2.7123
58E6BA7C10E8,AP-E04-P4-A-19,2020-10-31T19:47:26.005Z,0.2929
58E6BA7C10E8,AP-E04-P4-A-19,2020-10-31T19:48:26.005Z,0.2929
58E6BA7C10E8,AP-E04-P4-A-19,2020-10-31T19:49:26.005Z,0.3687
58E6BA7C10E8,AP-E04-P4-A-19,2020-10-31T19:50:26.005Z,0.3687
58E6BA7C10E8,AP-E04-P4-E-05,2020-10-31T19:51:26.005Z,2.3263
58E6BA7C10E8,AP-E04-P4-A-19,2020-10-31T19:51:26.005Z,0.3687
58E6BA7C10E8,AP-E04-P4-E-05,2020-10-31T19:52:26.005Z,2.3263
58E6BA7C10E8,AP-E04-P4-A-19,2020-10-31T19:52:26.005Z,0.3415
58E6BA7C10E8,AP-E04-P4-A-19,2020-10-31T19:53:26.005Z,0.1995
58E6BA7C10E8,AP-E04-P4-E-05,2020-10-31T19:54:26.005Z,1.5849
58E6BA7C10E8,AP-E04-P4-A-19,2020-10-31T19:54:26.005Z,2.1544
58E6BA7C10E8,AP-E04-P4-A-19,2020-10-31T19:55:26.005Z,2.1544
58E6BA7C10E8,AP-E04-P4-E-05,2020-10-31T19:55:26.005Z,2.7123
58E6BA7C10E8,AP-E04-P4-E-05,2020-10-31T19:56:26.005Z,1.0
58E6BA7C10E8,AP-E04-P4-A-19,2020-10-31T19:56:26.005Z,1.1659
58E6BA7C10E8,AP-E04-P4-A-19,2020-10-31T19:57:26.005Z,1.1659
58E6BA7C10E8,AP-E04-P4-E-05,2020-10-31T19:57:26.005Z,1.4678
58E6BA7C10E8,AP-E04-P4-E-05,2020-10-31T19:58:26.005Z,2.3263
58E6BA7C10E8,AP-E04-P4-A-19,2020-10-31T19:58:26.005Z,2.1544
58E6BA7C10E8,AP-TRI-O-16,2020-10-31T19:59:26.005Z,2.7123
58E6BA7C10E8,AP-E04-P4-E-05,2020-10-31T19:59:26.005Z,2.3263
58E6BA7C10E8,AP-E04-P4-A-19,2020-10-31T19:59:26.005Z,2.1544
58E6BA7C10E8,AP-TRI-O-16,2020-10-31T20:00:26.005Z,2.7123
58E6BA7C10E8,AP-TRJ-W-20,2020-10-31T20:00:26.005Z,2.5119
58E6BA7C10E8,AP-E04-P4-E-05,2020-10-31T20:01:26.005Z,2.1544
58E6BA7C10E8,AP-TRJ-W-20,2020-10-31T20:01:26.005Z,2.5119
58E6BA7C10E8,AP-TRI-O-16,2020-10-31T20:01:26.005Z,2.9286
58E6BA7C10E8,AP-E04-P4-A-19,2020-10-31T20:01:26.005Z,0.8577
58E6BA7C10E8,AP-TRI-O-16,2020-10-31T20:02:26.005Z,2.9286
58E6BA7C10E8,AP-TRJ-W-20,2020-10-31T20:02:26.005Z,2.5119
58E6BA7C10E8,AP-E04-P4-A-19,2020-10-31T20:02:26.005Z,0.9261
58E6BA7C10E8,AP-E04-P4-E-05,2020-10-31T20:02:26.005Z,2.1544
58E6BA7C10E8,AP-E04-P4-A-19,2020-10-31T20:03:26.005Z,0.9261
58E6BA7C10E8,AP-E04-P4-A-19,2020-10-31T20:04:26.005Z,0.9261
58E6BA7C10E8,AP-E04-P4-A-19,2020-10-31T20:05:26.005Z,0.7356
58E6BA7C10E8,AP-E04-P4-A-19,2020-10-31T20:06:26.005Z,0.3162
58E6BA7C10E8,AP-E04-P4-A-19,2020-10-31T20:07:26.005Z,0.3162
58E6BA7C10E8,AP-E04-P4-A-19,2020-10-31T20:08:26.005Z,0.2929
58E6BA7C10E8,AP-E04-P4-E-05,2020-10-31T20:09:26.005Z,2.7123
58E6BA7C10E8,AP-E04-P4-A-19,2020-10-31T20:09:26.005Z,1.9953
58E6BA7C10E8,AP-E04-P4-E-05,2020-10-31T20:10:26.006Z,2.7123
58E6BA7C10E8,AP-E04-P4-A-19,2020-10-31T20:10:26.006Z,1.9953
58E6BA7C10E8,AP-E04-P4-E-05,2020-10-31T20:13:39.525Z,2.3263
58E6BA7C10E8,AP-E04-P4-A-19,2020-10-31T20:13:39.525Z,1.7113
58E6BA7C10E8,AP-E04-P4-E-05,2020-10-31T20:14:39.525Z,2.3263
58E6BA7C10E8,AP-E04-P4-A-19,2020-10-31T20:14:39.525Z,1.5849
58E6BA7C10E8,AP-E04-P4-A-19,2020-10-31T20:15:39.525Z,2.1544
58E6BA7C10E8,AP-E04-P4-A-19,2020-10-31T20:16:39.525Z,0.6813
58E6BA7C10E8,AP-E04-P4-A-19,2020-10-31T20:17:39.525Z,1.1659
58E6BA7C10E8,AP-E04-P4-A-19,2020-10-31T20:18:39.525Z,1.1659
58E6BA7C10E8,AP-E04-P4-A-19,2020-10-31T20:19:39.525Z,0.6813
58E6BA7C10E8,AP-E04-P4-A-19,2020-10-31T20:20:39.525Z,0.9261
58E6BA7C10E8,AP-E04-P4-A-19,2020-10-31T20:21:39.525Z,0.8577
58E6BA7C10E8,AP-E04-P4-A-19,2020-10-31T20:22:39.525Z,0.9261
58E6BA7C10E8,AP-E04-P4-A-19,2020-10-31T20:23:39.525Z,1.5849
58E6BA7C10E8,AP-E04-P4-A-19,2020-10-31T20:24:39.525Z,0.8577
58E6BA7C10E8,AP-E04-P4-A-19,2020-10-31T20:25:39.525Z,0.9261
58E6BA7C10E8,AP-E04-P4-A-19,2020-10-31T20:26:39.525Z,2.5119
58E6BA7C10E8,AP-TRJ-W-20,2020-10-31T20:26:39.525Z,2.1544
58E6BA7C10E8,AP-TRJ-W-20,2020-10-31T20:27:39.525Z,2.1544
58E6BA7C10E8,AP-E04-P4-A-19,2020-10-31T20:27:39.525Z,0.5412
58E6BA7C10E8,AP-E04-P4-E-05,2020-10-31T20:28:39.525Z,2.5119
58E6BA7C10E8,AP-E04-P4-A-19,2020-10-31T20:28:39.525Z,2.7123
58E6BA7C10E8,AP-E04-P4-E-05,2020-10-31T20:29:39.525Z,2.5119
58E6BA7C10E8,AP-E04-P4-A-19,2020-10-31T20:29:39.525Z,2.7123
58E6BA7C10E8,AP-E04-P4-A-19,2020-10-31T21:24:26.035Z,2.3263
58E6BA7C10E8,AP-TRJ-W-20,2020-10-31T21:24:26.035Z,2.3263
58E6BA7C10E8,AP-TRJ-W-20,2020-10-31T21:25:26.035Z,2.3263
58E6BA7C10E8,AP-TRI-O-04,2020-10-31T21:25:26.035Z,2.9286
58E6BA7C10E8,AP-TRI-O-04,2020-10-31T21:26:26.035Z,2.9286
58E6BA7C10E8,AP-TRI-O-04,2020-10-31T21:32:23.025Z,2.9286
