INSERT INTO "INSTITUTIONCAMPUS" (INSTCAM_ID, INSTCAM_NAME, INSTCAM_OCCUPATION, INST_INST_ID) VALUES (3, 'San Joaquin',0, 1);
INSERT INTO "INSTITUTIONCAMPUS" (INSTCAM_ID, INSTCAM_NAME, INSTCAM_OCCUPATION, INST_INST_ID) VALUES (4, 'Felidia',0, 1);

INSERT INTO "HAT_CAPACITYDETAIL" (CAP_ID, CAP_MODDATE, CAP_CAPACITY, CAP_PERCENT, INSTCAM_INSTCAM_ID) VALUES ('10500', (select sysdate from dual), 30, 100, 2);
INSERT INTO "HAT_CAPACITYDETAIL" (CAP_ID, CAP_MODDATE, CAP_CAPACITY, CAP_PERCENT, INSTCAM_INSTCAM_ID) VALUES ('10501', (select sysdate from dual), 14, 100, 3);
INSERT INTO "HAT_CAPACITYDETAIL" (CAP_ID, CAP_MODDATE, CAP_CAPACITY, CAP_PERCENT, INSTCAM_INSTCAM_ID) VALUES ('10502', (select sysdate from dual), 3, 100, 4);

UPDATE "PHYSICALSPACE" SET INSTCAM_INSTCAM_ID = 2 WHERE PHYSPC_ID = 10456;
UPDATE "PHYSICALSPACE" SET INSTCAM_INSTCAM_ID = 3 WHERE PHYSPC_ID = 10457;

INSERT INTO "PHYSICALSPACE" (PHYSPC_ID, INSTCAM_INSTCAM_ID,PHYSPC_NAME, PHYSPCTYPE_PHYSPCTYPE_ID, PHYSPC_OCCUPATION) VALUES (10503, 4,'Predio Los Olivos',24, 0);
INSERT INTO "HAT_CAPACITYDETAIL" (CAP_ID, CAP_MODDATE, CAP_CAPACITY, CAP_PERCENT, PHYSPC_PHYSPC_ID) VALUES (10503, (select sysdate from dual), 3, 100, 10503);

UPDATE "PHYSICALSPACE" SET INSTCAM_INSTCAM_ID = 2 WHERE PHYSPC_ID = 10429;
UPDATE "PHYSICALSPACE" SET INSTCAM_INSTCAM_ID = 3 WHERE PHYSPC_ID = 10430;

INSERT INTO "PHYSICALSPACE" (PHYSPC_ID, INSTCAM_INSTCAM_ID,PHYSPC_NAME, PHYSPCTYPE_PHYSPCTYPE_ID, PHYSPC_OCCUPATION,PHYSPC_PHYSPC_IDPARENT) VALUES (10504, 3,'Casa San Joaquin Piso 2',25, 0,10457);
INSERT INTO "HAT_CAPACITYDETAIL" (CAP_ID, CAP_MODDATE, CAP_CAPACITY, CAP_PERCENT, PHYSPC_PHYSPC_ID) VALUES (10504, (select sysdate from dual), 10, 100, 10504);

INSERT INTO "PHYSICALSPACE" (PHYSPC_ID, INSTCAM_INSTCAM_ID,PHYSPC_NAME, PHYSPCTYPE_PHYSPCTYPE_ID, PHYSPC_OCCUPATION,PHYSPC_PHYSPC_IDPARENT) VALUES (10505, 4,'Predio Los Olivos Piso 1',25, 0,10503);
INSERT INTO "HAT_CAPACITYDETAIL" (CAP_ID, CAP_MODDATE, CAP_CAPACITY, CAP_PERCENT, PHYSPC_PHYSPC_ID) VALUES (10505, (select sysdate from dual), 3, 100, 10505);

INSERT INTO "PHYSICALSPACE" (PHYSPC_ID, INSTCAM_INSTCAM_ID, PHYSPC_EXTID, PHYSPC_NAME, PHYSPCTYPE_PHYSPCTYPE_ID, PHYSPC_OCCUPATION,PHYSPC_PHYSPC_IDPARENT) VALUES (10506, 2,'104CJ', 'Salón 104CJ',2, 0,10429);
INSERT INTO "HAT_CAPACITYDETAIL" (CAP_ID, CAP_MODDATE, CAP_CAPACITY, CAP_PERCENT, PHYSPC_PHYSPC_ID) VALUES (10506, (select sysdate from dual), 6, 100, 10506);
INSERT INTO "PHYSICALSPACE" (PHYSPC_ID, INSTCAM_INSTCAM_ID, PHYSPC_EXTID, PHYSPC_NAME, PHYSPCTYPE_PHYSPCTYPE_ID, PHYSPC_OCCUPATION,PHYSPC_PHYSPC_IDPARENT) VALUES (10507, 2,'Con 1-2-3', 'Consultorios 1-2-3',2, 0,10429);
INSERT INTO "HAT_CAPACITYDETAIL" (CAP_ID, CAP_MODDATE, CAP_CAPACITY, CAP_PERCENT, PHYSPC_PHYSPC_ID) VALUES (10507, (select sysdate from dual), 4, 100, 10507);
INSERT INTO "PHYSICALSPACE" (PHYSPC_ID, INSTCAM_INSTCAM_ID, PHYSPC_EXTID, PHYSPC_NAME, PHYSPCTYPE_PHYSPCTYPE_ID, PHYSPC_OCCUPATION,PHYSPC_PHYSPC_IDPARENT) VALUES (10508, 2,'Con 4-5-6-7', 'Consultorios 4-5-6-7',2, 0,10429);
INSERT INTO "HAT_CAPACITYDETAIL" (CAP_ID, CAP_MODDATE, CAP_CAPACITY, CAP_PERCENT, PHYSPC_PHYSPC_ID) VALUES (10508, (select sysdate from dual), 4, 100, 10508);
INSERT INTO "PHYSICALSPACE" (PHYSPC_ID, INSTCAM_INSTCAM_ID, PHYSPC_EXTID, PHYSPC_NAME, PHYSPCTYPE_PHYSPCTYPE_ID, PHYSPC_OCCUPATION,PHYSPC_PHYSPC_IDPARENT) VALUES (10509, 2,'SE CJ', 'Sala de Espera CJ',7, 0,10429);
INSERT INTO "HAT_CAPACITYDETAIL" (CAP_ID, CAP_MODDATE, CAP_CAPACITY, CAP_PERCENT, PHYSPC_PHYSPC_ID) VALUES (10509, (select sysdate from dual), 8, 100, 10509);
INSERT INTO "PHYSICALSPACE" (PHYSPC_ID, INSTCAM_INSTCAM_ID, PHYSPC_EXTID, PHYSPC_NAME, PHYSPCTYPE_PHYSPCTYPE_ID, PHYSPC_OCCUPATION,PHYSPC_PHYSPC_IDPARENT) VALUES (10510, 2,'RE CJ', 'Recepción CJ',7, 0,10429);
INSERT INTO "HAT_CAPACITYDETAIL" (CAP_ID, CAP_MODDATE, CAP_CAPACITY, CAP_PERCENT, PHYSPC_PHYSPC_ID) VALUES (10510, (select sysdate from dual), 6, 100, 10510);
INSERT INTO "PHYSICALSPACE" (PHYSPC_ID, INSTCAM_INSTCAM_ID, PHYSPC_EXTID, PHYSPC_NAME, PHYSPCTYPE_PHYSPCTYPE_ID, PHYSPC_OCCUPATION,PHYSPC_PHYSPC_IDPARENT) VALUES (10511, 2,'SSN CJ', 'Sala sin nombre CJ',7, 0,10429);
INSERT INTO "HAT_CAPACITYDETAIL" (CAP_ID, CAP_MODDATE, CAP_CAPACITY, CAP_PERCENT, PHYSPC_PHYSPC_ID) VALUES (10511, (select sysdate from dual), 2, 100, 10511);

INSERT INTO "PHYSICALSPACE" (PHYSPC_ID, INSTCAM_INSTCAM_ID, PHYSPC_EXTID, PHYSPC_NAME, PHYSPCTYPE_PHYSPCTYPE_ID, PHYSPC_OCCUPATION,PHYSPC_PHYSPC_IDPARENT) VALUES (10512, 4,'Hab1 ZYG', 'Habitación 1 ZYGIA',2, 0,10505);
INSERT INTO "HAT_CAPACITYDETAIL" (CAP_ID, CAP_MODDATE, CAP_CAPACITY, CAP_PERCENT, PHYSPC_PHYSPC_ID) VALUES (10512, (select sysdate from dual), 1, 100, 10512);
INSERT INTO "PHYSICALSPACE" (PHYSPC_ID, INSTCAM_INSTCAM_ID, PHYSPC_EXTID, PHYSPC_NAME, PHYSPCTYPE_PHYSPCTYPE_ID, PHYSPC_OCCUPATION,PHYSPC_PHYSPC_IDPARENT) VALUES (10513, 4,'Hab2 ZYG', 'Habitación 2 ZYGIA',2, 0,10505);
INSERT INTO "HAT_CAPACITYDETAIL" (CAP_ID, CAP_MODDATE, CAP_CAPACITY, CAP_PERCENT, PHYSPC_PHYSPC_ID) VALUES (10513, (select sysdate from dual), 1, 100, 10513);
INSERT INTO "PHYSICALSPACE" (PHYSPC_ID, INSTCAM_INSTCAM_ID, PHYSPC_EXTID, PHYSPC_NAME, PHYSPCTYPE_PHYSPCTYPE_ID, PHYSPC_OCCUPATION,PHYSPC_PHYSPC_IDPARENT) VALUES (10514, 4,'Hab3 ZYG', 'Habitación 3 ZYGIA',2, 0,10505);
INSERT INTO "HAT_CAPACITYDETAIL" (CAP_ID, CAP_MODDATE, CAP_CAPACITY, CAP_PERCENT, PHYSPC_PHYSPC_ID) VALUES (10514, (select sysdate from dual), 1, 100, 10514);

INSERT INTO "PHYSICALSPACE" (PHYSPC_ID, INSTCAM_INSTCAM_ID, PHYSPC_EXTID, PHYSPC_NAME, PHYSPCTYPE_PHYSPCTYPE_ID, PHYSPC_OCCUPATION,PHYSPC_PHYSPC_IDPARENT) VALUES (10515, 3,'S1 SJ', 'Salón 1 San Joaquin',2, 0,10430);
INSERT INTO "HAT_CAPACITYDETAIL" (CAP_ID, CAP_MODDATE, CAP_CAPACITY, CAP_PERCENT, PHYSPC_PHYSPC_ID) VALUES (10515, (select sysdate from dual), 4, 100, 10515);
INSERT INTO "PHYSICALSPACE" (PHYSPC_ID, INSTCAM_INSTCAM_ID, PHYSPC_EXTID, PHYSPC_NAME, PHYSPCTYPE_PHYSPCTYPE_ID, PHYSPC_OCCUPATION,PHYSPC_PHYSPC_IDPARENT) VALUES (10516, 3,'S2 SJ', 'Salón 2 San Joaquin',2, 0,10504);
INSERT INTO "HAT_CAPACITYDETAIL" (CAP_ID, CAP_MODDATE, CAP_CAPACITY, CAP_PERCENT, PHYSPC_PHYSPC_ID) VALUES (10516, (select sysdate from dual), 4, 100, 10516);
INSERT INTO "PHYSICALSPACE" (PHYSPC_ID, INSTCAM_INSTCAM_ID, PHYSPC_EXTID, PHYSPC_NAME, PHYSPCTYPE_PHYSPCTYPE_ID, PHYSPC_OCCUPATION,PHYSPC_PHYSPC_IDPARENT) VALUES (10517, 3,'S2 SJ', 'Salón 3 San Joaquin',2, 0,10504);
INSERT INTO "HAT_CAPACITYDETAIL" (CAP_ID, CAP_MODDATE, CAP_CAPACITY, CAP_PERCENT, PHYSPC_PHYSPC_ID) VALUES (10517, (select sysdate from dual), 3, 100, 10517);
INSERT INTO "PHYSICALSPACE" (PHYSPC_ID, INSTCAM_INSTCAM_ID, PHYSPC_EXTID, PHYSPC_NAME, PHYSPCTYPE_PHYSPCTYPE_ID, PHYSPC_OCCUPATION,PHYSPC_PHYSPC_IDPARENT) VALUES (10518, 3,'S2 SJ', 'Salón 4 San Joaquin',2, 0,10504);
INSERT INTO "HAT_CAPACITYDETAIL" (CAP_ID, CAP_MODDATE, CAP_CAPACITY, CAP_PERCENT, PHYSPC_PHYSPC_ID) VALUES (10518, (select sysdate from dual), 3, 100, 10518);